time,temporada,rodada,data,horario,dia_semana,mes,adversario,resultado,gols_favor,gols_sofridos,condicao,arbitro,idade_media_titular_time,desvio_idade_media_time,altura_media_titular_time,desvio_altura_media_time,idade_media_titular_adv,desvio_idade_media_adv,altura_media_titular_adv,desvio_altura_media_adv,estadio,publico
Bahia,2017,1,14/05/2017,16:00,Domingo,05,Athletico,Vitória,6,2,Mandante,Flavio Rodrigues De Souza,26.1,3.5,179.2,7.5,25.5,4.4,181.8,6.2,Arena Fonte Nova,8127
Bahia,2017,2,21/05/2017,11:00,Domingo,05,Vasco da Gama,Derrota,1,2,Visitante,Leandro Bizzio Marinho,26.4,3.5,180.3,6.8,26.6,5.9,179.6,5.9,Estádio São Januário,19030
Bahia,2017,3,28/05/2017,19:00,Domingo,05,Botafogo,Derrota,0,1,Visitante,Rodolpho Toski Marques,25.8,3.2,179.6,7.4,26.5,3.3,179.3,6.2,Estádio Nilton Santos,7886
Bahia,2017,4,05/06/2017,20:00,Segunda,06,Atlético Goianiense,Vitória,3,0,Mandante,Rodrigo Batista Raposo,26.0,3.1,180.3,6.8,26.6,2.2,182.0,6.3,Arena Fonte Nova,13364
Bahia,2017,5,08/06/2017,21:00,Quinta,06,Cruzeiro,Vitória,1,0,Mandante,Wagner do Nascimento Magalhaes,26.5,3.5,179.5,6.9,28.5,4.0,178.9,6.3,Arena Fonte Nova,18917
Bahia,2017,6,12/06/2017,20:00,Segunda,06,Grêmio,Derrota,0,1,Visitante,Eduardo Tomaz de Aquino Valadao,26.5,3.5,179.5,6.9,27.3,3.8,179.4,6.4,Arena do Grêmio,22103
Bahia,2017,7,15/06/2017,16:00,Quinta,06,Coritiba,Empate,0,0,Visitante,Reway Wagner,25.9,3.1,179.7,7.2,27.4,4.0,178.5,6.1,Estádio Major Antônio Couto Pereira,19534
Bahia,2017,8,18/06/2017,16:00,Domingo,06,Palmeiras,Derrota,2,4,Mandante,Rodolpho Toski Marques,25.7,3.2,179.7,6.9,28.1,5.1,179.7,7.9,Arena Fonte Nova,33186
Bahia,2017,9,22/06/2017,19:30,Quinta,06,Corinthians,Derrota,0,3,Visitante,Dewson Fernando Freitas da Silva,24.8,2.8,180.0,6.9,26.7,4.0,179.3,8.8,Neo Química Arena,34250
Bahia,2017,10,25/06/2017,18:30,Domingo,06,Flamengo,Derrota,0,1,Mandante,Igor Junio Benevenuto,26.0,3.7,179.4,6.9,27.6,4.4,179.5,7.2,Arena Fonte Nova,21929
Bahia,2017,11,02/07/2017,16:00,Domingo,07,Vitória,Empate,0,0,Visitante,Raphael Claus,25.3,3.1,177.5,6.8,28.8,4.2,180.4,6.4,Estádio Manoel Barradas,10741
Bahia,2017,12,09/07/2017,16:00,Domingo,07,Fluminense,Empate,1,1,Mandante,Flavio Rodrigues De Souza,26.5,3.3,178.7,7.1,25.3,3.7,181.5,7.2,Arena Fonte Nova,18267
Bahia,2017,13,12/07/2017,19:30,Quarta,07,Ponte Preta,Vitória,3,0,Visitante,Rafael Traci,25.6,3.3,180.4,7.2,30.1,5.4,178.9,7.9,Moisés Lucarelli,4181
Bahia,2017,14,16/07/2017,19:00,Domingo,07,Avaí,Empate,1,1,Mandante,Eduardo Tomaz de Aquino Valadao,24.7,3.6,178.6,6.7,26.8,3.4,179.3,7.7,Arena Fonte Nova,12389
Bahia,2017,15,19/07/2017,21:45,Quarta,07,Atlético Mineiro,Vitória,2,0,Visitante,Marcelo Aparecido Ribeiro de Souza,25.8,3.9,179.9,6.6,28.4,4.4,180.5,6.4,Arena Independência,12177
Bahia,2017,16,23/07/2017,11:00,Domingo,07,Santos,Derrota,0,3,Visitante,Wagner do Nascimento Magalhaes,26.1,3.9,180.0,6.7,27.2,3.2,182.8,6.5,Mercado Livre Arena Pacaembu,32869
Bahia,2017,17,30/07/2017,16:00,Domingo,07,Sport Recife,Derrota,1,3,Mandante,Elmo Alves Resende Cunha,25.4,3.0,180.9,6.9,26.6,5.6,179.1,4.7,Arena Fonte Nova,17869
Bahia,2017,18,02/08/2017,19:30,Quarta,08,Chapecoense,Empate,1,1,Visitante,Flavio Rodrigues De Souza,26.0,3.1,180.8,7.2,26.4,3.7,182.0,7.0,Arena Condá,3466
Bahia,2017,19,06/08/2017,16:00,Domingo,08,São Paulo,Vitória,2,1,Mandante,Joao Batista de Arruda,26.7,3.1,180.0,7.4,26.6,3.9,182.0,6.4,Arena Fonte Nova,24072
Bahia,2017,20,13/08/2017,19:00,Domingo,08,Athletico,Derrota,1,4,Visitante,Sandro Meira Ricci,25.1,2.6,180.3,6.7,26.6,3.6,180.1,6.0,Arena da Baixada,11964
Bahia,2017,21,20/08/2017,16:00,Domingo,08,Vasco da Gama,Vitória,3,0,Mandante,Raphael Claus,25.8,3.4,180.2,7.3,28.1,6.1,181.3,5.7,Arena Fonte Nova,21691
Bahia,2017,22,27/08/2017,16:00,Domingo,08,Botafogo,Derrota,1,2,Mandante,Heber Roberto Lopes,25.8,3.4,180.2,7.3,27.6,3.4,181.3,7.2,Arena Fonte Nova,22585
Bahia,2017,23,11/09/2017,20:00,Segunda,09,Atlético Goianiense,Empate,1,1,Visitante,Thiago Duarte Peixoto,25.4,3.6,180.2,7.3,25.7,2.5,180.6,5.3,Serra Dourada,3818
Bahia,2017,24,17/09/2017,19:00,Domingo,09,Cruzeiro,Derrota,0,1,Visitante,Reway Wagner,26.3,3.7,180.4,6.9,28.8,5.1,179.8,6.2,Governador Magalhães Pinto,11754
Bahia,2017,25,24/09/2017,19:00,Domingo,09,Grêmio,Vitória,1,0,Mandante,Luiz Flávio de Oliveira,26.4,3.7,180.4,6.9,28.0,3.3,178.3,6.3,Arena Fonte Nova,12789
Bahia,2017,26,30/09/2017,16:00,Sábado,09,Coritiba,Empate,1,1,Mandante,Pericles Bassols Pegado Cortez,24.5,3.2,181.2,6.2,27.8,2.2,179.1,4.4,Arena Fonte Nova,20860
Bahia,2017,27,12/10/2017,21:00,Quinta,10,Palmeiras,Empate,2,2,Visitante,Rafael Traci,26.3,3.9,179.0,6.7,29.4,4.7,180.4,6.9,Nubank Parque,25234
Bahia,2017,28,15/10/2017,18:00,Domingo,10,Corinthians,Vitória,2,0,Mandante,Ricardo Marques Ribeiro,26.2,3.4,181.1,6.3,26.8,4.2,180.1,8.4,Arena Fonte Nova,23413
Bahia,2017,29,19/10/2017,20:00,Quinta,10,Flamengo,Derrota,1,4,Visitante,Marcelo Aparecido Ribeiro de Souza,26.3,3.3,179.7,6.7,30.3,4.2,179.9,6.1,Estádio Luso Brasileiro,8282
Bahia,2017,30,22/10/2017,16:00,Domingo,10,Vitória,Vitória,2,1,Mandante,Marcelo de Lima Henrique,26.2,3.1,179.7,7.2,25.6,3.5,180.5,9.0,Arena Fonte Nova,31185
Bahia,2017,31,29/10/2017,16:00,Domingo,10,Fluminense,Empate,1,1,Visitante,Wilton Pereira Sampaio,27.5,3.6,180.2,6.9,26.1,4.3,180.1,9.2,Estádio do Maracanã,12841
Bahia,2017,32,05/11/2017,17:00,Domingo,11,Ponte Preta,Vitória,2,0,Mandante,Wagner do Nascimento Magalhaes,26.1,3.4,178.5,7.2,28.2,5.2,176.9,7.6,Arena Fonte Nova,20539
Bahia,2017,33,08/11/2017,18:30,Quarta,11,Avaí,Vitória,2,1,Visitante,Pericles Bassols Pegado Cortez,25.7,3.5,177.9,6.6,28.0,5.5,181.0,6.7,Estádio da Ressacada,4412
Bahia,2017,34,12/11/2017,17:00,Domingo,11,Atlético Mineiro,Empate,2,2,Mandante,Raphael Claus,25.7,3.5,177.9,6.6,28.6,5.4,180.5,8.4,Arena Fonte Nova,29769
Bahia,2017,35,16/11/2017,20:00,Quinta,11,Santos,Vitória,3,1,Mandante,Sandro Meira Ricci,25.7,3.5,177.9,6.6,28.6,5.8,181.5,6.5,Arena Fonte Nova,22896
Bahia,2017,36,19/11/2017,16:00,Domingo,11,Sport Recife,Derrota,0,1,Visitante,Wagner do Nascimento Magalhaes,25.5,3.4,178.2,6.7,30.5,4.4,180.8,4.6,Ilha do Retiro,5556
Bahia,2017,37,26/11/2017,18:00,Domingo,11,Chapecoense,Derrota,0,1,Mandante,Pericles Bassols Pegado Cortez,25.3,3.0,178.1,6.5,28.6,3.6,181.7,4.9,Arena Fonte Nova,35437
Bahia,2017,38,03/12/2017,16:00,Domingo,12,São Paulo,Empate,1,1,Visitante,Elmo Alves Resende Cunha,24.6,2.4,179.2,7.0,26.6,6.0,180.9,6.1,MorumBIS,60485
Bahia,2018,1,15/04/2018,16:00,Domingo,04,Internacional,Derrota,0,2,Visitante,Eduardo Tomaz de Aquino Valadao,26.5,3.2,180.3,7.7,27.5,4.2,181.2,6.2,Estádio Beira-Rio,16663
Bahia,2018,2,21/04/2018,16:00,Sábado,04,Santos,Vitória,1,0,Mandante,Claudio Francisco Lima E. Silva,26.9,3.6,180.4,7.8,25.2,4.3,180.4,6.8,Arena Fonte Nova,15588
Bahia,2018,3,29/04/2018,16:00,Domingo,04,Athletico,Empate,0,0,Mandante,Ricardo Marques Ribeiro,26.9,3.4,180.2,8.1,27.4,5.1,181.8,4.9,Arena Fonte Nova,16235
Bahia,2018,4,06/05/2018,19:00,Domingo,05,Sport Recife,Derrota,0,2,Visitante,Grazianni Maciel Rocha,26.8,3.6,179.8,7.6,26.6,2.8,181.4,6.2,Ilha do Retiro,15165
Bahia,2018,5,13/05/2018,16:00,Domingo,05,São Paulo,Empate,2,2,Mandante,Dewson Fernando Freitas da Silva,25.8,3.4,180.8,6.7,28.5,4.8,182.2,4.6,Arena Fonte Nova,20847
Bahia,2018,6,19/05/2018,21:00,Sábado,05,Palmeiras,Derrota,0,3,Visitante,Rafael Traci,26.0,4.2,181.5,7.9,30.1,4.2,180.6,5.8,Nubank Parque,26351
Bahia,2018,7,27/05/2018,16:00,Domingo,05,Vasco da Gama,Vitória,3,0,Mandante,Rodolpho Toski Marques,26.9,4.3,181.5,7.2,27.9,4.1,180.7,6.6,Arena Fonte Nova,15031
Bahia,2018,8,31/05/2018,16:00,Quinta,05,Flamengo,Derrota,0,2,Visitante,Jean Pierre Goncalves Lima,27.5,3.6,179.7,7.3,26.8,4.8,179.9,6.1,Estádio do Maracanã,55382
Bahia,2018,9,03/06/2018,16:00,Domingo,06,Grêmio,Derrota,0,2,Mandante,Pericles Bassols Pegado Cortez,26.7,4.0,181.2,8.9,26.2,4.0,181.2,6.0,Arena Fonte Nova,15623
Bahia,2018,10,07/06/2018,20:00,Quinta,06,Paraná Clube,Derrota,0,1,Visitante,Marcelo de Lima Henrique,27.1,3.4,180.5,7.9,25.8,3.8,179.8,6.4,Durival Britto e Silva,4153
Bahia,2018,11,10/06/2018,16:00,Domingo,06,Botafogo,Empate,3,3,Mandante,Leandro Bizzio Marinho,27.7,3.2,180.3,8.4,26.2,4.7,181.2,6.0,Arena Fonte Nova,12478
Bahia,2018,12,13/06/2018,21:45,Quarta,06,Corinthians,Vitória,1,0,Mandante,Leandro Pedro Vuaden,27.7,3.2,180.3,8.4,26.3,4.5,178.9,6.0,Arena Fonte Nova,15041
Bahia,2018,13,19/07/2018,19:30,Quinta,07,Chapecoense,Empate,1,1,Visitante,Rodolpho Toski Marques,28.4,3.7,182.6,6.2,28.4,4.7,179.8,7.6,Arena Condá,7534
Bahia,2018,14,22/07/2018,16:00,Domingo,07,Vitória,Vitória,4,1,Mandante,Wagner do Nascimento Magalhaes,28.4,3.7,182.6,6.2,25.8,4.4,177.7,8.0,Arena Fonte Nova,24312
Bahia,2018,16,30/07/2018,20:00,Segunda,07,Atlético Mineiro,Empate,2,2,Mandante,Wilton Pereira Sampaio,27.7,3.9,182.3,6.5,28.2,5.1,179.7,8.4,Arena Fonte Nova,15993
Bahia,2018,17,05/08/2018,19:00,Domingo,08,Fluminense,Empate,1,1,Visitante,Luiz Flávio de Oliveira,28.5,3.5,182.2,6.4,26.3,3.9,178.1,8.8,Estádio do Maracanã,16548
Bahia,2018,18,11/08/2018,19:00,Sábado,08,América Mineiro,Vitória,1,0,Mandante,Pericles Bassols Pegado Cortez,28.3,3.9,182.3,6.4,31.0,3.0,180.4,7.9,Arena Fonte Nova,19100
Bahia,2018,19,19/08/2018,16:00,Domingo,08,Cruzeiro,Empate,1,1,Visitante,Bruno Arleu de Araujo,28.4,3.7,182.1,6.6,30.5,4.4,180.9,7.3,Governador Magalhães Pinto,28807
Bahia,2018,20,22/08/2018,19:30,Quarta,08,Internacional,Derrota,0,1,Mandante,Rodrigo D'alonso Ferreira,28.5,3.7,182.6,6.2,26.9,3.8,180.0,6.0,Arena Fonte Nova,18671
Bahia,2018,21,25/08/2018,16:00,Sábado,08,Santos,Derrota,0,2,Visitante,Heber Roberto Lopes,27.8,3.3,179.8,7.5,26.0,4.6,180.7,8.3,Estádio Urbano Caldeira,11564
Bahia,2018,15,29/08/2018,19:30,Quarta,08,Ceará,Vitória,2,0,Visitante,Dyorgines Jose Padovani de Andrade,26.6,4.5,182.8,6.5,30.4,2.4,179.8,8.3,Estádio Governador Plácido Castelo,11395
Bahia,2018,22,02/09/2018,16:00,Domingo,09,Athletico,Derrota,0,2,Visitante,Leandro Pedro Vuaden,28.2,3.0,182.5,7.3,24.8,3.6,179.2,6.5,Arena da Baixada,13433
Bahia,2018,23,05/09/2018,19:30,Quarta,09,Sport Recife,Vitória,2,0,Mandante,Marcelo Aparecido Ribeiro de Souza,26.7,4.5,179.8,8.0,29.3,5.6,179.4,5.4,Arena Fonte Nova,13816
Bahia,2018,24,08/09/2018,19:00,Sábado,09,São Paulo,Derrota,0,1,Visitante,Andre Luiz de Freitas Castro,27.0,3.9,180.8,6.8,30.7,4.1,180.9,5.3,MorumBIS,43555
Bahia,2018,25,16/09/2018,16:00,Domingo,09,Palmeiras,Empate,1,1,Mandante,Heber Roberto Lopes,27.2,4.2,179.9,8.0,28.4,3.2,180.2,5.5,Arena Fonte Nova,24495
Bahia,2018,26,24/09/2018,20:00,Segunda,09,Vasco da Gama,Derrota,1,2,Visitante,Leandro Pedro Vuaden,26.2,4.4,180.4,7.7,29.5,3.7,180.2,5.5,Estádio São Januário,13293
Bahia,2018,27,29/09/2018,21:00,Sábado,09,Flamengo,Empate,0,0,Mandante,Igor Junio Benevenuto,27.2,5.0,181.4,7.2,26.1,4.5,180.5,6.7,Arena Fonte Nova,31059
Bahia,2018,28,06/10/2018,21:00,Sábado,10,Grêmio,Empate,2,2,Visitante,Rodolpho Toski Marques,27.5,4.4,180.1,7.8,27.8,4.5,181.2,5.2,Arena do Grêmio,29612
Bahia,2018,29,13/10/2018,21:00,Sábado,10,Paraná Clube,Vitória,2,0,Mandante,Jean Pierre Goncalves Lima,26.8,4.4,181.6,7.6,26.8,2.6,181.1,3.3,Estádio de Pituaçu,29215
Bahia,2018,30,20/10/2018,16:00,Sábado,10,Botafogo,Vitória,1,0,Visitante,Anderson Daronco,27.3,4.5,180.8,7.2,26.0,4.1,180.5,5.3,Estadio Nilton Santos,8180
Bahia,2018,31,27/10/2018,19:00,Sábado,10,Corinthians,Derrota,1,2,Visitante,Anderson Daronco,27.5,4.3,179.9,7.9,27.8,6.3,178.6,8.2,Neo Química Arena,35382
Bahia,2018,32,04/11/2018,18:00,Domingo,11,Chapecoense,Vitória,1,0,Mandante,Flavio Rodrigues De Souza,27.4,4.3,179.7,8.0,28.1,3.8,182.6,6.2,Arena Fonte Nova,17448
Bahia,2018,33,11/11/2018,16:00,Domingo,11,Vitória,Empate,2,2,Visitante,Luiz Flávio de Oliveira,26.7,4.9,181.5,8.5,24.4,3.7,179.1,7.3,Estádio Manoel Barradas,21714
Bahia,2018,34,14/11/2018,20:00,Quarta,11,Ceará,Vitória,2,1,Mandante,Raphael Claus,27.2,4.2,181.5,7.7,27.9,4.0,179.8,8.0,Arena Fonte Nova,17825
Bahia,2018,35,17/11/2018,20:00,Sábado,11,Atlético Mineiro,Derrota,0,1,Visitante,Marcelo Aparecido Ribeiro de Souza,26.8,4.1,181.5,7.6,31.6,4.9,179.8,9.4,Arena Independência,17313
Bahia,2018,36,22/11/2018,20:00,Quinta,11,Fluminense,Vitória,2,0,Mandante,Flavio Rodrigues De Souza,27.3,4.1,181.3,8.0,26.4,3.0,179.2,7.8,Arena Fonte Nova,16784
Bahia,2018,37,25/11/2018,18:00,Domingo,11,América Mineiro,Derrota,0,1,Visitante,Marcelo Aparecido Ribeiro de Souza,26.9,4.4,182.0,7.6,28.9,4.4,179.5,9.4,Arena Independência,7409
Bahia,2018,38,02/12/2018,16:00,Domingo,12,Cruzeiro,Empate,0,0,Mandante,Bruno Arleu de Araujo,27.7,4.8,181.2,6.3,24.1,3.2,179.9,6.2,Estádio de Pituaçu,27776
Bahia,2019,1,28/04/2019,16:00,Domingo,04,Corinthians,Vitória,3,2,Mandante,Wilton Pereira Sampaio,28.2,5.2,180.3,8.3,27.3,4.8,177.5,9.7,Arena Fonte Nova,29294
Bahia,2019,2,02/05/2019,20:00,Quinta,05,Botafogo,Derrota,2,3,Visitante,Luiz Flávio de Oliveira,27.8,4.8,180.5,8.7,29.1,4.4,179.6,7.2,Estadio Nilton Santos,7568
Bahia,2019,3,05/05/2019,19:00,Domingo,05,Avaí,Vitória,1,0,Mandante,Bruno Arleu de Araujo,27.0,4.8,178.1,7.9,28.9,4.5,183.8,7.8,Arena Fonte Nova,18673
Bahia,2019,4,12/05/2019,19:00,Domingo,05,Athletico,Derrota,0,1,Visitante,Savio Pereira Sampaio,27.3,5.0,179.4,8.9,26.3,4.6,178.9,7.0,Arena da Baixada,10510
Bahia,2019,5,19/05/2019,11:00,Domingo,05,São Paulo,Empate,0,0,Visitante,Daniel Nobre Bins,27.3,3.7,180.0,7.4,26.2,4.9,179.7,5.1,MorumBIS,44640
Bahia,2019,6,26/05/2019,19:00,Domingo,05,Fluminense,Vitória,3,2,Mandante,Igor Junio Benevenuto,27.0,4.8,178.6,8.1,24.6,4.2,182.5,4.9,Arena Fonte Nova,21776
Bahia,2019,7,01/06/2019,19:00,Sábado,06,Grêmio,Vitória,1,0,Mandante,Dewson Fernando Freitas da Silva,28.2,4.2,180.3,9.0,25.2,4.3,180.9,5.8,Arena Fonte Nova,26930
Bahia,2019,8,08/06/2019,19:30,Sábado,06,Ceará,Empate,0,0,Visitante,Thiago Duarte Peixoto,28.2,4.2,180.3,9.0,29.0,3.8,179.5,7.1,Estádio Governador Plácido Castelo,15566
Bahia,2019,9,12/06/2019,21:30,Quarta,06,Internacional,Derrota,1,3,Visitante,Paulo Roberto Alves Junior,27.7,4.7,180.8,8.3,29.0,5.0,178.9,5.6,Estádio Beira-Rio,15724
Bahia,2019,10,13/07/2019,19:00,Sábado,07,Santos,Derrota,0,1,Mandante,Jean Pierre Goncalves Lima,26.4,4.5,181.6,7.9,27.5,3.7,180.6,10.3,Arena Fonte Nova,18465
Bahia,2019,11,20/07/2019,17:00,Sábado,07,Cruzeiro,Empate,0,0,Mandante,Luiz Flávio de Oliveira,26.5,4.2,180.0,7.2,24.2,4.2,181.4,6.8,Arena Fonte Nova,24864
Bahia,2019,12,28/07/2019,11:00,Domingo,07,Chapecoense,Empate,0,0,Visitante,Dewson Fernando Freitas da Silva,26.3,4.2,180.5,7.0,29.4,3.8,179.0,5.9,Arena Condá,12787
Bahia,2019,13,04/08/2019,16:00,Domingo,08,Flamengo,Vitória,3,0,Mandante,Flavio Rodrigues De Souza,27.9,4.0,180.5,7.6,27.9,4.5,181.0,5.9,Arena Fonte Nova,43099
Bahia,2019,14,11/08/2019,16:00,Domingo,08,Palmeiras,Empate,2,2,Visitante,Igor Junio Benevenuto,28.8,3.3,180.6,7.3,29.2,3.1,180.3,6.0,Nubank Parque,34275
Bahia,2019,15,18/08/2019,16:00,Domingo,08,Goiás,Empate,1,1,Mandante,Raphael Claus,27.0,3.9,181.1,8.2,27.0,3.7,180.0,6.8,Arena Fonte Nova,28866
Bahia,2019,16,24/08/2019,11:00,Sábado,08,Atlético Mineiro,Vitória,1,0,Visitante,Rodolpho Toski Marques,27.8,4.2,179.6,7.6,25.9,5.3,178.9,8.1,Arena Independência,22401
Bahia,2019,17,31/08/2019,17:00,Sábado,08,CSA,Vitória,1,0,Mandante,Vinicius Gomes do Amara,28.4,4.4,179.5,7.9,29.1,4.3,179.0,8.4,Arena Fonte Nova,32483
Bahia,2019,18,07/09/2019,11:00,Sábado,09,Vasco da Gama,Vitória,2,0,Visitante,Caio Max Augusto Vieira,27.9,3.8,180.0,7.4,27.1,4.1,179.4,7.0,Estádio São Januário,20282
Bahia,2019,19,15/09/2019,16:00,Domingo,09,Fortaleza,Empate,1,1,Mandante,Wagner do Nascimento Magalhaes,28.4,4.4,179.5,7.9,28.5,4.0,178.9,7.0,Arena Fonte Nova,38977
Bahia,2019,20,21/09/2019,19:00,Sábado,09,Corinthians,Derrota,1,2,Visitante,Dewson Fernando Freitas da Silva,27.2,4.2,179.1,8.2,28.5,4.9,177.0,10.1,Neo Química Arena,29569
Bahia,2019,21,25/09/2019,21:30,Quarta,09,Botafogo,Vitória,2,0,Mandante,Flavio Rodrigues De Souza,28.2,4.4,178.8,8.4,28.8,4.6,178.5,6.7,Arena Fonte Nova,19656
Bahia,2019,22,30/09/2019,20:00,Segunda,09,Avaí,Vitória,2,0,Visitante,Jean Pierre Goncalves Lima,28.2,4.4,178.8,8.4,26.4,4.2,180.6,6.9,Estádio da Ressacada,7052
Bahia,2019,23,05/10/2019,19:00,Sábado,10,Athletico,Derrota,1,2,Mandante,Raphael Claus,28.3,4.4,178.8,8.4,28.3,4.6,180.4,6.6,Arena Fonte Nova,38096
Bahia,2019,24,09/10/2019,21:00,Quarta,10,São Paulo,Empate,0,0,Mandante,Braulio Da Silva Machado,27.4,4.4,180.4,9.0,28.7,4.3,180.3,4.7,Arena Fonte Nova,31726
Bahia,2019,25,12/10/2019,19:00,Sábado,10,Fluminense,Derrota,0,2,Visitante,Heber Roberto Lopes,27.9,4.1,180.3,6.8,27.3,5.3,180.9,6.5,Estádio do Maracanã,17637
Bahia,2019,26,16/10/2019,19:15,Quarta,10,Grêmio,Vitória,1,0,Visitante,Rodolpho Toski Marques,27.8,4.2,179.6,7.6,30.5,5.4,180.2,5.1,Arena do Grêmio,11757
Bahia,2019,27,21/10/2019,19:30,Segunda,10,Ceará,Derrota,1,2,Mandante,Luiz Flávio de Oliveira,28.8,4.2,178.6,8.3,30.3,3.3,181.5,6.0,Arena Fonte Nova,28415
Bahia,2019,28,26/10/2019,19:00,Sábado,10,Internacional,Derrota,2,3,Mandante,Marcelo de Lima Henrique,27.3,4.5,179.5,7.8,27.4,4.9,178.3,7.8,Arena Fonte Nova,27542
Bahia,2019,29,31/10/2019,19:15,Quinta,10,Santos,Derrota,0,1,Visitante,Wagner do Nascimento Magalhaes,27.3,4.2,179.5,8.1,28.3,4.0,178.7,10.4,Estádio Urbano Caldeira,5634
Bahia,2019,30,03/11/2019,19:00,Domingo,11,Cruzeiro,Empate,1,1,Visitante,Reway Wagner,27.2,4.6,179.9,9.2,29.3,6.2,181.5,3.8,Governador Magalhães Pinto,21933
Bahia,2019,31,06/11/2019,21:30,Quarta,11,Chapecoense,Empate,1,1,Mandante,Vinicius Furlan,27.4,4.5,180.1,9.2,29.9,3.6,180.1,5.5,Arena Fonte Nova,16836
Bahia,2019,32,10/11/2019,18:00,Domingo,11,Flamengo,Derrota,1,3,Visitante,Caio Max Augusto Vieira,27.3,4.2,179.5,8.1,28.0,3.7,181.5,4.9,Estádio do Maracanã,65930
Bahia,2019,33,17/11/2019,16:00,Domingo,11,Palmeiras,Empate,1,1,Mandante,Bruno Arleu de Araujo,27.2,3.5,180.6,6.7,28.6,1.9,180.3,6.1,Arena Fonte Nova,23194
Bahia,2019,34,24/11/2019,16:00,Domingo,11,Goiás,Derrota,3,4,Visitante,Ricardo Marques Ribeiro,26.9,2.7,180.4,6.2,27.5,4.0,180.3,6.5,Serra Dourada,10259
Bahia,2019,35,27/11/2019,21:00,Quarta,11,Atlético Mineiro,Empate,1,1,Mandante,Thiago Duarte Peixoto,27.5,3.5,179.0,7.7,27.9,4.4,179.2,9.8,Arena Fonte Nova,12759
Bahia,2019,36,01/12/2019,18:00,Domingo,12,CSA,Vitória,2,1,Visitante,Vinicius Furlan,26.4,3.8,180.1,7.4,29.6,3.2,181.6,7.0,Estádio Rei Pelé,7371
Bahia,2019,37,05/12/2019,19:15,Quinta,12,Vasco da Gama,Empate,1,1,Mandante,Felipe Fernandes de Lima,27.4,4.2,179.5,8.1,25.9,4.1,181.7,6.6,Arena Fonte Nova,25148
Bahia,2019,38,08/12/2019,16:00,Domingo,12,Fortaleza,Derrota,1,2,Visitante,Wagner do Nascimento Magalhaes,26.8,3.7,178.9,7.8,28.3,4.1,176.5,9.0,Estádio Governador Plácido Castelo,52552
Bahia,2020,2,12/08/2020,20:30,Quarta,08,Coritiba,Vitória,1,0,Mandante,Flavio Rodrigues De Souza,28.0,3.9,177.2,7.3,26.7,5.1,179.5,5.3,Arena Fonte Nova,N.A
Bahia,2020,3,16/08/2020,16:00,Domingo,08,Red Bull Bragantino,Vitória,2,1,Mandante,Felipe Fernandes de Lima,28.8,3.7,178.0,7.2,26.2,4.2,179.2,7.1,Arena Fonte Nova,N.A
Bahia,2020,4,20/08/2020,20:00,Quinta,08,São Paulo,Empate,1,1,Visitante,Rodrigo Carvalhaes de Miranda,28.1,3.1,178.5,7.0,27.8,4.2,180.3,5.6,MorumBIS,N.A
Bahia,2020,5,23/08/2020,20:00,Domingo,08,Ceará,Derrota,0,2,Visitante,Wagner do Nascimento Magalhaes,29.5,3.9,177.2,7.1,28.3,5.4,182.0,8.9,Estádio Governador Plácido Castelo,N.A
Bahia,2020,6,29/08/2020,19:00,Sábado,08,Palmeiras,Empate,1,1,Mandante,Bruno Arleu de Araujo,29.6,4.4,178.1,7.5,27.6,4.2,178.9,6.1,Arena Fonte Nova,N.A
Bahia,2020,7,02/09/2020,20:30,Quarta,09,Flamengo,Derrota,3,5,Mandante,Savio Pereira Sampaio,30.3,4.0,177.5,7.8,26.6,3.1,180.2,5.4,Arena Fonte Nova,N.A
Bahia,2020,8,06/09/2020,16:00,Domingo,09,Internacional,Empate,2,2,Visitante,Braulio Da Silva Machado,28.1,3.8,178.4,7.2,29.0,5.5,180.1,5.1,Estádio Beira-Rio,N.A
Bahia,2020,9,10/09/2020,19:15,Quinta,09,Grêmio,Derrota,0,2,Mandante,Jose Mendonca da Silva Junior,27.7,4.2,179.1,7.1,29.4,5.1,180.5,6.7,Arena Fonte Nova,N.A
Bahia,2020,10,13/09/2020,18:00,Domingo,09,Atlético Goianiense,Derrota,0,1,Mandante,Vinicius Gomes do Amara,28.7,3.7,176.7,7.9,24.8,2.4,179.4,7.4,Arena Fonte Nova,N.A
Bahia,2020,11,16/09/2020,21:30,Quarta,09,Corinthians,Derrota,2,3,Visitante,Wagner do Nascimento Magalhaes,29.2,3.5,178.1,7.1,26.5,4.9,177.5,8.6,Neo Química Arena,N.A
Bahia,2020,12,26/09/2020,19:00,Sábado,09,Athletico,Derrota,0,1,Visitante,Ricardo Marques Ribeiro,27.1,4.2,179.1,6.3,25.7,5.0,179.5,5.6,Arena da Baixada,N.A
Bahia,2020,1,30/09/2020,21:30,Quarta,09,Botafogo,Vitória,2,1,Visitante,Savio Pereira Sampaio,29.0,5.2,177.5,8.3,26.6,5.4,182.1,6.0,Estadio Nilton Santos,N.A
Bahia,2020,13,04/10/2020,18:15,Domingo,10,Sport Recife,Derrota,1,2,Mandante,Rafael Traci,29.3,5.1,177.9,7.9,29.1,4.0,181.6,6.6,Arena Fonte Nova,N.A
Bahia,2020,14,07/10/2020,19:15,Quarta,10,Vasco da Gama,Vitória,3,0,Mandante,Jean Pierre Goncalves Lima,29.0,4.1,179.1,8.1,26.8,5.8,178.7,6.5,Arena Fonte Nova,N.A
Bahia,2020,15,11/10/2020,16:00,Domingo,10,Fluminense,Derrota,0,1,Visitante,Jose Mendonca da Silva Junior,29.0,4.1,179.1,8.1,29.6,5.6,180.8,6.6,Estádio do Maracanã,N.A
Bahia,2020,16,16/10/2020,20:00,Sexta,10,Goiás,Empate,1,1,Visitante,Rodrigo Carvalhaes de Miranda,29.3,4.3,177.6,8.5,28.3,4.7,180.6,8.9,Serra Dourada,N.A
Bahia,2020,17,19/10/2020,20:00,Segunda,10,Atlético Mineiro,Vitória,3,1,Mandante,Anderson Daronco,27.6,4.9,179.7,7.6,26.9,4.1,178.5,7.6,Arena Fonte Nova,N.A
Bahia,2020,19,01/11/2020,18:15,Domingo,11,Santos,Derrota,1,3,Visitante,Heber Roberto Lopes,27.8,4.2,178.2,7.0,25.6,3.1,178.8,8.9,Estádio Urbano Caldeira,N.A
Bahia,2020,20,08/11/2020,18:15,Domingo,11,Botafogo,Vitória,1,0,Mandante,Jefferson Ferreira de Moraes,29.4,4.7,177.6,8.0,25.6,2.8,179.9,6.1,Arena Fonte Nova,N.A
Bahia,2020,18,11/11/2020,18:45,Quarta,11,Fortaleza,Vitória,2,1,Mandante,Wagner do Nascimento Magalhaes,27.7,4.7,178.5,7.6,30.2,3.6,180.1,6.2,Arena Fonte Nova,N.A
Bahia,2020,21,16/11/2020,18:00,Segunda,11,Coritiba,Vitória,2,1,Visitante,Igor Junio Benevenuto,28.5,4.9,179.0,7.5,27.5,4.0,179.0,6.4,Estádio Major Antônio Couto Pereira,N.A
Bahia,2020,22,20/11/2020,20:00,Sexta,11,Red Bull Bragantino,Derrota,0,4,Visitante,Anderson Daronco,29.8,4.6,178.9,7.6,25.5,4.3,180.9,7.3,Estádio Nabi Abi Chedid,N.A
Bahia,2020,23,28/11/2020,19:00,Sábado,11,São Paulo,Derrota,1,3,Mandante,Leandro Pedro Vuaden,27.4,4.8,179.1,6.5,27.4,5.7,179.9,5.1,Arena Fonte Nova,N.A
Bahia,2020,24,05/12/2020,19:00,Sábado,12,Ceará,Derrota,0,2,Mandante,Jean Pierre Goncalves Lima,26.7,5.1,179.9,6.4,28.3,3.8,181.5,8.0,Arena Fonte Nova,N.A
Bahia,2020,25,12/12/2020,19:00,Sábado,12,Palmeiras,Derrota,0,3,Visitante,Rafael Traci,28.2,4.2,181.0,5.8,26.6,3.9,179.0,6.2,Nubank Parque,N.A
Bahia,2020,26,20/12/2020,18:15,Domingo,12,Flamengo,Derrota,3,4,Visitante,Flavio Rodrigues De Souza,27.6,4.2,179.1,6.9,27.9,5.4,180.5,5.0,Estádio do Maracanã,N.A
Bahia,2020,27,27/12/2020,16:00,Domingo,12,Internacional,Derrota,1,2,Mandante,Paulo Roberto Alves Junior,27.6,4.3,178.7,7.0,27.7,4.9,181.7,5.8,Arena Fonte Nova,N.A
Bahia,2020,28,06/01/2021,19:15,Quarta,01,Grêmio,Derrota,1,2,Visitante,Ramon Abatti Abel,27.5,5.2,179.2,6.5,27.1,5.2,181.3,6.5,Arena do Grêmio,N.A
Bahia,2020,29,10/01/2021,18:15,Domingo,01,Atlético Goianiense,Empate,1,1,Visitante,Anderson Daronco,26.0,4.8,180.5,6.3,26.2,2.2,179.2,6.5,Serra Dourada,N.A
Bahia,2020,31,20/01/2021,18:00,Quarta,01,Athletico,Vitória,1,0,Mandante,Luiz Flávio de Oliveira,25.9,4.9,180.5,6.2,26.7,5.9,178.7,6.4,Arena Fonte Nova,N.A
Bahia,2020,32,24/01/2021,18:15,Domingo,01,Sport Recife,Derrota,0,2,Visitante,Raphael Claus,27.4,4.7,179.7,6.7,28.2,4.0,181.5,6.2,Ilha do Retiro,N.A
Bahia,2020,30,28/01/2021,19:00,Quinta,01,Corinthians,Vitória,2,1,Mandante,Ricardo Marques Ribeiro,28.2,5.2,180.1,7.2,28.7,4.9,179.7,8.8,Arena Fonte Nova,N.A
Bahia,2020,33,31/01/2021,16:00,Domingo,01,Vasco da Gama,Empate,0,0,Visitante,Wilton Pereira Sampaio,27.6,4.5,179.8,6.6,28.3,5.7,179.5,7.7,Estádio São Januário,N.A
Bahia,2020,34,03/02/2021,21:30,Quarta,02,Fluminense,Derrota,0,1,Mandante,Flavio Rodrigues De Souza,27.7,5.3,180.6,5.3,27.7,6.9,180.3,5.4,Arena Fonte Nova,N.A
Bahia,2020,35,06/02/2021,19:00,Sábado,02,Goiás,Empate,3,3,Mandante,Rafael Traci,29.1,5.2,178.9,7.0,25.0,4.8,182.7,7.7,Arena Fonte Nova,N.A
Bahia,2020,36,13/02/2021,19:00,Sábado,02,Atlético Mineiro,Empate,1,1,Visitante,Raphael Claus,27.8,5.2,180.4,7.4,26.9,3.9,179.8,7.9,Governador Magalhães Pinto,N.A
Bahia,2020,37,20/02/2021,21:00,Sábado,02,Fortaleza,Vitória,4,0,Visitante,Luiz Flávio de Oliveira,29.2,5.0,179.9,7.2,29.3,4.8,180.5,5.7,Estádio Governador Plácido Castelo,N.A
Bahia,2020,38,25/02/2021,21:30,Quinta,02,Santos,Vitória,2,0,Mandante,Paulo Roberto Alves Junior,29.3,5.0,179.9,7.2,22.4,3.3,181.2,7.8,Arena Fonte Nova,N.A
Bahia,2021,1,29/05/2021,20:00,Sábado,05,Santos,Vitória,3,0,Mandante,Bruno Arleu de Araujo,26.5,3.5,181.1,7.0,25.3,5.1,179.2,7.1,Arena Fonte Nova,N.A
Bahia,2021,2,05/06/2021,21:00,Sábado,06,Red Bull Bragantino,Empate,3,3,Visitante,Vinicius Gomes do Amara,27.1,3.6,182.2,7.5,25.4,5.5,180.4,5.8,Estádio Nabi Abi Chedid,N.A
Bahia,2021,3,13/06/2021,20:30,Domingo,06,Internacional,Derrota,0,1,Mandante,Wagner do Nascimento Magalhaes,26.1,3.7,180.5,6.1,26.3,5.4,181.1,6.0,Arena Fonte Nova,N.A
Bahia,2021,4,17/06/2021,16:00,Quinta,06,Ceará,Vitória,2,1,Visitante,Marcelo de Lima Henrique,26.1,3.1,181.1,6.4,26.9,2.6,181.9,5.9,Estádio Governador Plácido Castelo,N.A
Bahia,2021,5,20/06/2021,16:00,Domingo,06,Corinthians,Empate,0,0,Mandante,Bruno Arleu de Araujo,26.1,3.7,180.5,6.1,29.4,4.8,179.8,9.2,Arena Fonte Nova,N.A
Bahia,2021,6,24/06/2021,21:30,Quinta,06,Athletico,Vitória,2,1,Mandante,Antonio Dib Moraes de Sousa,26.5,4.2,179.5,7.2,25.7,3.7,182.6,4.8,Arena Fonte Nova,N.A
Bahia,2021,7,27/06/2021,20:00,Domingo,06,Palmeiras,Derrota,2,3,Visitante,Denis da Silva Ribeiro Serafim,27.4,4.5,179.8,7.4,28.4,5.1,179.7,5.4,Nubank Parque,N.A
Bahia,2021,8,30/06/2021,19:00,Quarta,06,América Mineiro,Derrota,3,4,Mandante,Leo Simao Holanda,28.0,5.1,179.5,6.7,31.0,4.7,180.7,6.6,Arena Fonte Nova,N.A
Bahia,2021,9,04/07/2021,11:00,Domingo,07,Chapecoense,Vitória,2,0,Visitante,Edina Alves Batista,27.1,4.2,181.1,6.7,26.8,4.3,181.4,5.7,Arena Condá,N.A
Bahia,2021,10,07/07/2021,18:00,Quarta,07,Juventude,Vitória,1,0,Mandante,Douglas Marques das Flores,28.2,4.1,179.6,7.3,28.1,3.5,180.8,6.8,Arena Fonte Nova,N.A
Bahia,2021,11,10/07/2021,19:00,Sábado,07,São Paulo,Derrota,0,1,Visitante,Marcelo de Lima Henrique,28.4,4.7,180.5,7.0,25.8,3.9,181.0,5.0,MorumBIS,N.A
Bahia,2021,12,18/07/2021,18:15,Domingo,07,Flamengo,Derrota,0,5,Mandante,Wilton Pereira Sampaio,28.0,4.9,180.2,6.8,30.4,4.3,179.5,8.0,Arena Fonte Nova,N.A
Bahia,2021,13,25/07/2021,11:00,Domingo,07,Atlético Mineiro,Derrota,0,3,Visitante,Antonio Dib Moraes de Sousa,27.9,5.0,179.9,6.7,27.7,4.9,179.3,6.0,Governador Magalhães Pinto,N.A
Bahia,2021,14,01/08/2021,18:15,Domingo,08,Sport Recife,Derrota,0,1,Mandante,Jefferson Ferreira de Moraes,28.9,4.4,180.4,8.1,26.4,2.0,181.7,8.0,Arena Fonte Nova,N.A
Bahia,2021,15,07/08/2021,21:00,Sábado,08,Cuiabá,Empate,1,1,Visitante,Heber Roberto Lopes,28.0,3.9,178.8,8.8,29.2,4.2,181.8,4.2,Estádio Eurico Gaspar Dutra,N.A
Bahia,2021,16,15/08/2021,18:15,Domingo,08,Atlético Goianiense,Derrota,1,2,Mandante,Ricardo Marques Ribeiro,27.8,4.4,181.0,7.5,28.0,4.0,176.9,8.7,Arena Fonte Nova,N.A
Bahia,2021,17,21/08/2021,19:00,Sábado,08,Grêmio,Derrota,0,2,Visitante,Caio Max Augusto Vieira,27.2,4.4,181.1,8.1,27.3,4.9,179.9,6.8,Arena do Grêmio,N.A
Bahia,2021,18,30/08/2021,19:00,Segunda,08,Fluminense,Derrota,0,2,Visitante,Edina Alves Batista,28.1,4.3,180.1,8.2,27.4,5.1,179.1,7.2,Estádio do Maracanã,N.A
Bahia,2021,19,04/09/2021,21:00,Sábado,09,Fortaleza,Vitória,4,2,Mandante,Luiz Flávio de Oliveira,28.5,4.7,180.0,8.1,29.0,3.8,179.9,6.7,Arena Fonte Nova,N.A
Bahia,2021,20,11/09/2021,21:00,Sábado,09,Santos,Empate,0,0,Visitante,Paulo Cesar Zanovelli da Silva,29.2,4.1,181.2,8.8,27.0,5.4,179.6,8.0,Estádio Urbano Caldeira,N.A
Bahia,2021,21,18/09/2021,21:00,Sábado,09,Red Bull Bragantino,Empate,1,1,Mandante,Wilton Pereira Sampaio,29.5,4.6,180.5,8.9,24.0,4.3,180.5,5.9,Arena Fonte Nova,N.A
Bahia,2021,22,26/09/2021,16:00,Domingo,09,Internacional,Derrota,0,2,Visitante,Bruno Arleu de Araujo,30.3,4.4,180.9,8.6,27.1,5.1,180.6,5.3,Estádio Beira-Rio,N.A
Bahia,2021,24,05/10/2021,21:30,Terça,10,Corinthians,Derrota,1,3,Visitante,Denis da Silva Ribeiro Serafim,26.7,4.4,182.1,8.2,28.8,5.3,180.7,8.0,Neo Química Arena,10470
Bahia,2021,25,09/10/2021,19:00,Sábado,10,Athletico,Vitória,2,0,Visitante,Marcelo de Lima Henrique,27.2,4.8,180.5,8.5,27.0,3.0,181.4,5.9,Arena da Baixada,3270
Bahia,2021,26,12/10/2021,21:30,Terça,10,Palmeiras,Empate,0,0,Mandante,Ramon Abatti Abel,27.7,4.6,180.5,8.5,28.9,6.0,179.4,6.7,Arena Fonte Nova,4509
Bahia,2021,27,16/10/2021,21:00,Sábado,10,América Mineiro,Empate,0,0,Visitante,Alisson Sidnei Furtado,27.7,4.6,180.5,8.5,29.8,3.8,181.1,7.4,Arena Independência,746
Bahia,2021,28,24/10/2021,20:30,Domingo,10,Chapecoense,Vitória,3,0,Mandante,Wilton Pereira Sampaio,28.3,5.2,180.2,8.4,26.2,3.5,183.4,5.7,Arena Fonte Nova,8058
Bahia,2021,23,27/10/2021,19:00,Quarta,10,Ceará,Empate,1,1,Mandante,Antonio Dib Moraes de Sousa,27.8,4.6,180.1,8.4,29.9,3.3,181.1,6.9,Arena Fonte Nova,11446
Bahia,2021,29,30/10/2021,19:15,Sábado,10,Juventude,Empate,0,0,Visitante,Paulo Roberto Alves Junior,26.9,4.7,180.8,7.7,27.7,4.5,179.7,6.2,Estádio Alfredo Jaconi,3738
Bahia,2021,30,07/11/2021,18:15,Domingo,11,São Paulo,Vitória,1,0,Mandante,Savio Pereira Sampaio,27.8,4.6,180.5,8.5,28.0,4.3,181.7,4.0,Arena Fonte Nova,18178
Bahia,2021,31,11/11/2021,19:00,Quinta,11,Flamengo,Derrota,0,3,Visitante,Andre Luiz de Freitas Castro,28.0,4.4,180.1,8.5,27.5,4.6,181.9,8.2,Estádio do Maracanã,3488
Bahia,2021,33,18/11/2021,21:00,Quinta,11,Sport Recife,Derrota,0,1,Visitante,Flavio Rodrigues De Souza,28.1,4.3,180.4,8.5,26.5,4.8,181.5,7.7,Arena de Pernambuco,8096
Bahia,2021,34,21/11/2021,19:00,Domingo,11,Cuiabá,Empate,0,0,Mandante,Raphael Claus,28.2,5.0,180.7,8.5,28.4,4.9,181.5,6.2,Arena Fonte Nova,19790
Bahia,2021,36,26/11/2021,19:00,Sexta,11,Grêmio,Vitória,3,1,Mandante,Bruno Arleu de Araujo,28.3,5.0,180.1,8.5,27.6,5.2,181.2,5.8,Arena Fonte Nova,29576
Bahia,2021,35,29/11/2021,19:00,Segunda,11,Atlético Goianiense,Derrota,1,2,Visitante,Ramon Abatti Abel,27.9,5.1,180.6,8.0,27.7,3.7,179.4,8.5,Serra Dourada,10704
Bahia,2021,32,02/12/2021,18:00,Quinta,12,Atlético Mineiro,Derrota,2,3,Mandante,Flavio Rodrigues De Souza,29.0,4.6,180.3,8.7,29.9,4.0,179.1,5.9,Arena Fonte Nova,29415
Bahia,2021,37,05/12/2021,16:00,Domingo,12,Fluminense,Vitória,2,0,Mandante,Luiz Flávio de Oliveira,28.4,4.8,179.7,8.7,28.2,5.1,179.9,6.5,Arena Fonte Nova,26048
Bahia,2021,38,09/12/2021,21:30,Quinta,12,Fortaleza,Derrota,1,2,Visitante,Flavio Rodrigues De Souza,28.0,5.0,180.3,8.2,30.3,4.7,180.6,6.0,Estádio Governador Plácido Castelo,51125
Bahia,2023,1,15/04/2023,18:30,Sábado,04,Red Bull Bragantino,Derrota,1,2,Visitante,Maguielson Lima Barbosa,26.5,3.0,181.4,5.8,23.6,3.3,181.6,5.4,Estádio Nabi Abi Chedid,3368
Bahia,2023,2,24/04/2023,20:00,Segunda,04,Botafogo,Derrota,1,2,Mandante,Raphael Claus,26.4,3.1,181.1,6.9,29.4,3.3,182.5,6.9,Arena Fonte Nova,27822
Bahia,2023,3,01/05/2023,20:00,Segunda,05,Vasco da Gama,Vitória,1,0,Visitante,Flavio Rodrigues De Souza,27.0,2.4,181.4,6.2,25.3,4.1,181.5,5.1,Estádio São Januário,19223
Bahia,2023,4,07/05/2023,16:00,Domingo,05,Coritiba,Vitória,3,1,Mandante,Bruno Mota Correia,26.8,2.6,181.2,6.6,27.9,5.2,180.7,7.5,Arena Fonte Nova,37936
Bahia,2023,5,10/05/2023,19:00,Quarta,05,Santos,Derrota,0,3,Visitante,Wagner do Nascimento Magalhaes,26.6,4.1,180.4,8.0,26.5,5.0,180.7,7.0,Estádio Urbano Caldeira,7262
Bahia,2023,6,13/05/2023,16:00,Sábado,05,Flamengo,Derrota,2,3,Mandante,Paulo Cesar Zanovelli da Silva,26.2,3.1,181.0,6.0,26.0,4.5,183.2,6.6,Arena Fonte Nova,48502
Bahia,2023,7,20/05/2023,16:00,Sábado,05,Goiás,Empate,1,1,Mandante,Denis da Silva Ribeiro Serafim,26.5,3.7,181.1,7.3,27.9,3.3,179.5,5.6,Arena Fonte Nova,32519
Bahia,2023,8,28/05/2023,16:00,Domingo,05,Internacional,Derrota,0,2,Visitante,Wagner do Nascimento Magalhaes,27.0,3.4,182.5,6.3,27.7,5.0,182.0,6.0,Estádio Beira-Rio,19037
Bahia,2023,9,03/06/2023,16:00,Sábado,06,Fortaleza,Empate,0,0,Visitante,Joao Vitor Gobi,28.2,3.6,181.2,7.4,29.3,4.3,178.1,5.7,Estádio Governador Plácido Castelo,38338
Bahia,2023,10,10/06/2023,18:30,Sábado,06,Cruzeiro,Empate,2,2,Mandante,Rodrigo Jose Pereira de Lima,27.8,4.1,181.6,6.9,28.4,3.4,179.0,4.8,Arena Fonte Nova,34019
Bahia,2023,11,21/06/2023,21:30,Quarta,06,Palmeiras,Vitória,1,0,Mandante,Wilton Pereira Sampaio,26.7,4.1,180.7,6.6,27.3,5.3,177.5,6.6,Arena Fonte Nova,31013
Bahia,2023,12,24/06/2023,18:30,Sábado,06,Fluminense,Derrota,1,2,Visitante,Savio Pereira Sampaio,27.4,4.8,180.7,6.6,29.9,6.4,178.5,8.1,Estádio do Maracanã,24507
Bahia,2023,13,01/07/2023,18:30,Sábado,07,Grêmio,Derrota,1,2,Mandante,Marcelo de Lima Henrique,26.7,4.1,180.3,6.6,28.1,4.7,181.9,5.5,Arena Fonte Nova,34090
Bahia,2023,14,08/07/2023,16:00,Sábado,07,Cuiabá,Empate,1,1,Visitante,Wagner do Nascimento Magalhaes,25.1,4.1,182.8,5.3,28.5,4.6,183.6,3.6,Arena Pantanal,10149
Bahia,2023,15,16/07/2023,18:30,Domingo,07,Athletico,Derrota,0,2,Visitante,Rafael Rodrigo Klein,26.6,4.2,178.9,6.9,26.2,5.6,180.4,4.9,Arena da Baixada,17091
Bahia,2023,16,22/07/2023,18:30,Sábado,07,Corinthians,Empate,0,0,Mandante,Andre Luiz Skettino Policarpo Bento,27.2,2.7,181.5,5.8,30.1,6.2,181.6,7.2,Arena Fonte Nova,43716
Bahia,2023,17,30/07/2023,11:00,Domingo,07,São Paulo,Empate,0,0,Visitante,Ramon Abatti Abel,27.0,3.0,181.9,6.0,27.9,5.4,179.8,6.4,MorumBIS,56078
Bahia,2023,18,06/08/2023,18:30,Domingo,08,América Mineiro,Vitória,3,1,Mandante,Matheus Delgado Candançan,28.9,1.8,181.4,5.4,30.2,3.5,180.3,5.8,Arena Fonte Nova,34313
Bahia,2023,19,13/08/2023,11:00,Domingo,08,Atlético Mineiro,Derrota,0,1,Visitante,Savio Pereira Sampaio,28.9,1.8,181.4,5.4,29.9,4.5,180.2,6.7,Governador Magalhães Pinto,29847
Bahia,2023,20,20/08/2023,16:00,Domingo,08,Red Bull Bragantino,Vitória,4,0,Mandante,Arthur Gomes Rabelo,28.1,2.1,181.7,5.5,23.8,3.7,182.0,5.8,Arena Fonte Nova,38452
Bahia,2023,21,27/08/2023,16:00,Domingo,08,Botafogo,Derrota,0,3,Visitante,Flavio Rodrigues De Souza,28.1,2.1,181.7,5.5,27.9,4.9,182.8,7.6,Estádio Nilton Santos,39610
Bahia,2023,22,03/09/2023,18:30,Domingo,09,Vasco da Gama,Empate,1,1,Mandante,Ramon Abatti Abel,29.1,1.8,181.6,5.1,28.2,4.9,181.5,6.2,Arena Fonte Nova,46705
Bahia,2023,23,14/09/2023,20:00,Quinta,09,Coritiba,Vitória,4,2,Visitante,Wagner do Nascimento Magalhaes,28.3,1.9,181.4,5.6,27.6,5.0,180.9,7.3,Estádio Major Antônio Couto Pereira,22961
Bahia,2023,24,18/09/2023,20:00,Segunda,09,Santos,Derrota,1,2,Mandante,Ramon Abatti Abel,28.6,2.2,180.1,5.7,27.1,4.7,178.9,7.9,Arena Fonte Nova,41431
Bahia,2023,25,30/09/2023,16:00,Sábado,09,Flamengo,Derrota,0,1,Visitante,Savio Pereira Sampaio,29.1,1.8,181.3,5.5,27.8,3.6,184.4,6.0,Estádio do Maracanã,46472
Bahia,2023,26,07/10/2023,16:00,Sábado,10,Goiás,Vitória,6,4,Visitante,Raphael Claus,28.7,2.5,181.0,6.2,28.3,3.0,180.5,6.9,Estádio da Serrinha,9001
Bahia,2023,27,18/10/2023,21:30,Quarta,10,Internacional,Vitória,1,0,Mandante,Marcelo de Lima Henrique,28.6,2.6,180.4,6.2,30.0,4.5,178.7,6.8,Arena Fonte Nova,31385
Bahia,2023,28,21/10/2023,18:30,Sábado,10,Fortaleza,Vitória,2,0,Mandante,Rodrigo Jose Pereira de Lima,27.5,2.7,179.3,6.4,31.0,2.9,178.9,5.4,Arena Fonte Nova,44761
Bahia,2023,29,25/10/2023,20:00,Quarta,10,Cruzeiro,Derrota,0,3,Visitante,Flavio Rodrigues De Souza,27.9,2.5,180.5,6.3,29.0,2.8,180.3,5.3,Governador Magalhães Pinto,36104
Bahia,2023,30,28/10/2023,19:00,Sábado,10,Palmeiras,Derrota,0,1,Visitante,Rodrigo Jose Pereira de Lima,26.4,3.3,181.3,7.4,27.1,4.9,181.7,5.1,Nubank Parque,33747
Bahia,2023,31,31/10/2023,19:00,Terça,10,Fluminense,Vitória,1,0,Mandante,Edina Alves Batista,28.6,2.6,180.4,6.2,26.6,4.9,180.2,7.8,Arena Fonte Nova,34319
Bahia,2023,32,04/11/2023,19:30,Sábado,11,Grêmio,Derrota,0,1,Visitante,Braulio Da Silva Machado,28.5,3.1,180.4,7.7,30.2,3.8,181.7,4.7,Arena do Grêmio,40154
Bahia,2023,33,09/11/2023,20:00,Quinta,11,Cuiabá,Derrota,0,3,Mandante,Felipe Fernandes de Lima,28.3,2.9,179.5,6.5,28.9,4.6,182.2,6.2,Arena Fonte Nova,33931
Bahia,2023,34,12/11/2023,18:30,Domingo,11,Athletico,Empate,1,1,Mandante,Rafael Rodrigo Klein,27.9,3.1,180.5,6.2,27.5,5.9,180.7,5.4,Arena Fonte Nova,33214
Bahia,2023,35,24/11/2023,21:00,Sexta,11,Corinthians,Vitória,5,1,Visitante,Marcelo de Lima Henrique,27.6,2.8,179.8,6.4,31.7,5.1,180.5,8.3,Neo Química Arena,39403
Bahia,2023,36,29/11/2023,20:00,Quarta,11,São Paulo,Derrota,0,1,Mandante,Braulio Da Silva Machado,27.6,2.8,179.8,6.4,28.3,5.7,177.9,7.0,Arena Fonte Nova,46288
Bahia,2023,37,03/12/2023,18:30,Domingo,12,América Mineiro,Derrota,2,3,Visitante,Marcelo de Lima Henrique,27.9,3.1,180.5,6.2,26.7,5.2,179.9,6.8,Arena Independência,2471
Bahia,2023,38,06/12/2023,21:30,Quarta,12,Atlético Mineiro,Vitória,4,1,Mandante,Ramon Abatti Abel,27.6,2.8,181.5,7.0,30.4,4.5,179.5,6.9,Arena Fonte Nova,28019
Bahia,2024,1,13/04/2024,18:30,Sábado,04,Internacional,Derrota,1,2,Visitante,Rodrigo Jose Pereira de Lima,29.0,3.6,181.3,5.1,27.6,4.4,177.8,6.1,Estádio Beira-Rio,19103
Bahia,2024,2,16/04/2024,21:30,Terça,04,Fluminense,Vitória,2,1,Mandante,Joao Vitor Gobi,28.7,3.9,179.7,6.2,30.4,6.6,177.6,6.0,Arena Fonte Nova,23080
Bahia,2024,3,21/04/2024,16:00,Domingo,04,Vitória,Empate,2,2,Visitante,Raphael Claus,28.7,3.9,179.7,6.2,27.8,4.2,177.2,7.7,Estádio Manoel Barradas,27609
Bahia,2024,4,27/04/2024,21:00,Sábado,04,Grêmio,Vitória,1,0,Mandante,Braulio Da Silva Machado,28.3,3.6,180.5,5.6,30.5,3.7,177.2,8.3,Arena Fonte Nova,35836
Bahia,2024,5,05/05/2024,18:30,Domingo,05,Botafogo,Vitória,2,1,Visitante,Rafael Rodrigo Klein,28.3,3.6,180.5,5.6,27.8,4.0,181.6,7.6,Estádio Nilton Santos,22685
Bahia,2024,6,12/05/2024,18:30,Domingo,05,Red Bull Bragantino,Vitória,1,0,Mandante,Gustavo Ervino Bauermann,28.4,3.6,180.5,5.6,24.6,2.8,183.5,6.3,Arena Fonte Nova,36820
Bahia,2024,7,02/06/2024,16:00,Domingo,06,Atlético Mineiro,Empate,1,1,Visitante,Bruno Arleu de Araujo,28.4,3.6,180.5,5.6,28.4,5.1,180.4,6.7,Arena MRV,37994
Bahia,2024,8,13/06/2024,21:30,Quinta,06,Fortaleza,Vitória,1,0,Mandante,Felipe Fernandes de Lima,28.6,3.5,179.9,6.0,29.8,3.6,179.7,3.9,Arena Fonte Nova,29889
Bahia,2024,9,16/06/2024,18:30,Domingo,06,Criciúma,Empate,2,2,Visitante,Flavio Rodrigues De Souza,29.1,4.0,180.9,5.6,30.3,3.6,180.0,7.6,Estádio Heriberto Hülse,8661
Bahia,2024,10,20/06/2024,20:00,Quinta,06,Flamengo,Derrota,1,2,Visitante,Braulio Da Silva Machado,28.4,3.5,180.8,5.5,27.2,4.6,183.3,6.2,Estádio do Maracanã,49909
Bahia,2024,11,23/06/2024,16:00,Domingo,06,Cruzeiro,Vitória,4,1,Mandante,Paulo Belence Alves Dos Prazeres Filho,28.1,3.0,181.1,5.2,26.9,3.7,178.1,7.4,Arena Fonte Nova,35541
Bahia,2024,12,26/06/2024,21:30,Quarta,06,Vasco da Gama,Vitória,2,1,Mandante,Joao Vitor Gobi,28.4,3.5,180.8,5.5,27.2,4.9,181.5,6.2,Arena Fonte Nova,38318
Bahia,2024,13,30/06/2024,16:00,Domingo,06,São Paulo,Derrota,1,3,Visitante,Marcelo de Lima Henrique,28.4,3.5,180.8,5.5,30.1,3.5,179.1,6.0,MorumBIS,28008
Bahia,2024,14,04/07/2024,19:00,Quinta,07,Juventude,Vitória,2,0,Mandante,Wagner do Nascimento Magalhaes,28.4,3.5,180.8,5.5,29.4,3.7,181.0,7.3,Arena Fonte Nova,40442
Bahia,2024,15,07/07/2024,18:30,Domingo,07,Palmeiras,Derrota,0,2,Visitante,Jonathan Benkenstein Pinheiro,28.4,3.5,180.8,5.5,26.5,5.5,180.1,6.4,Nubank Parque,40198
Bahia,2024,16,10/07/2024,19:00,Quarta,07,Athletico,Vitória,3,1,Visitante,Felipe Fernandes de Lima,28.0,3.3,181.0,6.1,27.5,5.7,182.8,6.6,Arena da Baixada,23307
Bahia,2024,17,13/07/2024,16:00,Sábado,07,Cuiabá,Derrota,1,2,Mandante,Davi de Oliveira Lacerda,28.7,3.6,179.3,6.9,28.3,4.3,183.0,4.9,Arena Fonte Nova,48602
Bahia,2024,18,21/07/2024,16:00,Domingo,07,Corinthians,Derrota,0,1,Mandante,Felipe Fernandes de Lima,29.7,3.7,180.2,5.2,26.7,3.4,180.8,7.8,Arena Fonte Nova,48346
Bahia,2024,19,24/07/2024,21:30,Quarta,07,Atlético Goianiense,Empate,1,1,Visitante,Luciano da Silva Miranda Filho,29.9,3.7,182.1,5.2,26.2,2.8,181.5,10.6,Estádio Antônio Accioly,5777
Bahia,2024,20,27/07/2024,20:00,Sábado,07,Internacional,Empate,1,1,Mandante,Matheus Delgado Candançan,28.1,3.3,180.5,7.0,27.8,6.1,176.5,6.9,Arena Fonte Nova,32950
Bahia,2024,21,04/08/2024,16:00,Domingo,08,Fluminense,Derrota,0,1,Visitante,Davi de Oliveira Lacerda,27.5,4.2,180.5,6.1,30.7,7.4,178.5,5.9,Estádio do Maracanã,50262
Bahia,2024,22,11/08/2024,16:00,Domingo,08,Vitória,Vitória,2,0,Mandante,Braulio Da Silva Machado,28.6,3.6,180.5,5.6,27.9,3.9,179.9,7.4,Arena Fonte Nova,45972
Bahia,2024,23,17/08/2024,16:00,Sábado,08,Grêmio,Vitória,2,0,Visitante,Matheus Delgado Candançan,28.6,3.6,180.5,5.6,25.8,5.5,180.9,7.5,Arena do Grêmio,56102
Bahia,2024,24,25/08/2024,16:00,Domingo,08,Botafogo,Empate,0,0,Mandante,Ramon Abatti Abel,28.7,3.6,180.5,5.6,27.7,4.6,181.6,6.5,Arena Fonte Nova,40198
Bahia,2024,25,01/09/2024,18:30,Domingo,09,Red Bull Bragantino,Derrota,1,2,Visitante,Davi de Oliveira Lacerda,28.7,3.6,180.5,5.6,26.0,3.3,180.5,5.4,Estádio Nabi Abi Chedid,3921
Bahia,2024,26,15/09/2024,18:30,Domingo,09,Atlético Mineiro,Vitória,3,0,Mandante,Rafael Rodrigo Klein,28.7,3.6,180.5,5.6,28.4,6.2,183.0,5.1,Arena Fonte Nova,26420
Bahia,2024,27,21/09/2024,21:00,Sábado,09,Fortaleza,Derrota,1,4,Visitante,Raphael Claus,29.5,4.1,180.5,5.7,30.0,3.5,179.1,5.8,Estádio Governador Plácido Castelo,42051
Bahia,2024,28,29/09/2024,18:30,Domingo,09,Criciúma,Vitória,1,0,Mandante,Edina Alves Batista,28.7,3.6,180.5,5.6,30.9,4.0,181.7,4.2,Arena Fonte Nova,24574
Bahia,2024,29,05/10/2024,19:00,Sábado,10,Flamengo,Derrota,0,2,Mandante,Rafael Rodrigo Klein,28.5,3.2,180.7,5.3,28.4,3.0,181.8,7.4,Arena Fonte Nova,43433
Bahia,2024,30,18/10/2024,21:30,Sexta,10,Cruzeiro,Empate,1,1,Visitante,Flavio Rodrigues De Souza,28.5,3.7,180.4,6.2,27.9,4.2,179.5,7.8,Governador Magalhães Pinto,34473
Bahia,2024,31,28/10/2024,21:00,Segunda,10,Vasco da Gama,Derrota,2,3,Visitante,Raphael Claus,28.8,3.6,180.5,5.6,27.5,5.4,181.0,5.8,Estádio São Januário,17213
Bahia,2024,32,05/11/2024,21:30,Terça,11,São Paulo,Derrota,0,3,Mandante,Alex Gomes Stefano,27.8,3.9,179.4,6.0,29.9,3.8,179.5,7.1,Arena Fonte Nova,29599
Bahia,2024,33,09/11/2024,19:00,Sábado,11,Juventude,Derrota,1,2,Visitante,Wilton Pereira Sampaio,28.6,3.6,179.6,6.4,27.8,3.7,182.0,6.5,Estádio Alfredo Jaconi,6091
Bahia,2024,34,20/11/2024,18:00,Quarta,11,Palmeiras,Derrota,1,2,Mandante,Wagner do Nascimento Magalhaes,27.5,4.0,181.5,7.4,28.9,5.1,178.1,7.4,Arena Fonte Nova,36445
Bahia,2024,35,24/11/2024,16:00,Domingo,11,Athletico,Empate,1,1,Mandante,Rodrigo Jose Pereira de Lima,27.3,3.9,180.3,7.0,26.0,4.4,180.8,5.9,Arena Fonte Nova,26307
Bahia,2024,36,30/11/2024,19:30,Sábado,11,Cuiabá,Vitória,2,1,Visitante,David Lacerda,27.3,3.9,180.3,7.0,28.1,4.3,181.7,6.8,Arena Pantanal,2613
Bahia,2024,37,03/12/2024,20:00,Terça,12,Corinthians,Derrota,0,3,Visitante,Bruno Arleu de Araujo,27.8,3.9,179.5,6.0,27.5,4.1,181.4,8.5,Neo Química Arena,46263
Bahia,2024,38,08/12/2024,16:00,Domingo,12,Atlético Goianiense,Vitória,2,0,Mandante,Gustavo Ervino Bauermann,28.5,4.6,180.4,5.8,27.7,2.8,183.1,8.3,Arena Fonte Nova,48476
Bahia,2025,1,30/03/2025,20:00,Domingo,03,Corinthians,Empate,1,1,Mandante,Bruno Arleu de Araujo,27.5,3.9,179.1,6.7,26.2,4.3,181.3,3.6,Arena Fonte Nova,41898
Bahia,2025,2,06/04/2025,20:30,Domingo,04,Santos,Empate,2,2,Visitante,Alex Gomes Stefano,28.1,3.0,181.2,7.2,27.6,5.4,181.4,6.6,Estádio Urbano Caldeira,8796
Bahia,2025,3,13/04/2025,16:00,Domingo,04,Mirassol,Empate,1,1,Mandante,Braulio Da Silva Machado,28.6,3.7,180.0,7.3,29.8,3.4,178.5,8.1,Arena Fonte Nova,39873
Bahia,2025,4,17/04/2025,21:30,Quinta,04,Cruzeiro,Derrota,0,3,Visitante,Flavio Rodrigues De Souza,27.1,4.0,179.5,7.0,29.6,4.7,178.5,8.5,Governador Magalhães Pinto,26557
Bahia,2025,5,21/04/2025,20:00,Segunda,04,Ceará,Vitória,1,0,Mandante,Rafael Rodrigo Klein,27.5,3.1,179.7,6.3,30.6,4.1,180.3,7.1,Arena Fonte Nova,28047
Bahia,2025,6,27/04/2025,18:30,Domingo,04,Palmeiras,Vitória,1,0,Visitante,Wilton Pereira Sampaio,28.9,3.8,180.2,7.4,26.6,5.0,182.7,6.7,Nubank Parque,29033
Bahia,2025,7,03/05/2025,21:00,Sábado,05,Botafogo,Vitória,1,0,Mandante,Flavio Rodrigues De Souza,27.4,3.7,179.1,6.7,25.8,3.4,183.4,8.6,Arena Fonte Nova,37206
Bahia,2025,8,10/05/2025,21:00,Sábado,05,Flamengo,Derrota,0,1,Visitante,Anderson Daronco,25.7,2.7,180.8,5.7,30.6,2.1,180.6,8.5,Estádio do Maracanã,62204
Bahia,2025,9,18/05/2025,16:00,Domingo,05,Vitória,Vitória,2,1,Mandante,Ramon Abatti Abel,27.8,3.9,179.5,6.6,28.6,3.9,178.8,6.6,Arena Fonte Nova,47273
Bahia,2025,10,25/05/2025,11:00,Domingo,05,Grêmio,Derrota,0,1,Visitante,Bruno Arleu de Araujo,28.0,3.9,179.3,6.6,29.1,3.5,177.9,6.3,Arena do Grêmio,13859
Bahia,2025,11,31/05/2025,18:30,Sábado,05,São Paulo,Vitória,2,1,Mandante,Anderson Daronco,29.0,3.8,180.2,7.4,28.2,5.8,180.8,6.0,Arena Fonte Nova,41041
Bahia,2025,12,12/06/2025,19:00,Quinta,06,Red Bull Bragantino,Vitória,3,0,Visitante,Lucas Paulo Torezin,29.0,3.8,180.2,7.4,26.3,3.9,180.0,7.4,Estádio Cícero de Souza Marques,2957
Bahia,2025,13,12/07/2025,21:00,Sábado,07,Atlético Mineiro,Vitória,2,1,Mandante,Davi de Oliveira Lacerda,29.1,3.8,180.2,7.4,28.7,4.8,178.5,6.8,Arena Fonte Nova,30249
Bahia,2025,15,19/07/2025,16:00,Sábado,07,Fortaleza,Empate,1,1,Visitante,Wilton Pereira Sampaio,28.1,4.0,179.3,6.9,30.4,3.8,180.4,6.5,Estádio Governador Plácido Castelo,15954
Bahia,2025,17,27/07/2025,18:30,Domingo,07,Juventude,Vitória,3,0,Mandante,Matheus Delgado Candançan,29.3,3.8,180.6,8.4,28.0,4.0,179.6,6.0,Arena Fonte Nova,32822
Bahia,2025,18,02/08/2025,16:00,Sábado,08,Sport Recife,Empate,0,0,Visitante,Anderson Daronco,29.4,3.5,181.6,7.0,27.4,4.5,182.3,8.3,Ilha do Retiro,16080
Bahia,2025,19,09/08/2025,21:00,Sábado,08,Fluminense,Empate,3,3,Mandante,Jefferson Ferreira de Moraes,28.9,4.1,181.1,7.3,30.9,7.8,180.8,4.5,Arena Fonte Nova,35505
Bahia,2025,20,16/08/2025,21:00,Sábado,08,Corinthians,Vitória,2,1,Visitante,Paulo Cesar Zanovelli da Silva,28.2,3.4,181.5,7.0,26.5,4.7,181.0,8.5,Neo Química Arena,38277
Bahia,2025,21,24/08/2025,16:00,Domingo,08,Santos,Vitória,2,0,Mandante,Rafael Rodrigo Klein,29.0,4.2,180.6,7.5,28.6,5.2,181.4,7.4,Arena Fonte Nova,45233
Bahia,2025,22,31/08/2025,18:30,Domingo,08,Mirassol,Derrota,1,5,Visitante,Marcelo de Lima Henrique,28.2,4.1,179.5,7.3,29.9,3.8,179.5,6.5,Estádio José Maria de Campos Maia,4759
Bahia,2025,23,15/09/2025,20:00,Segunda,09,Cruzeiro,Derrota,1,2,Mandante,Flavio Rodrigues De Souza,27.7,4.8,181.0,6.8,29.1,4.2,178.5,7.9,Arena Fonte Nova,32160
Bahia,2025,24,20/09/2025,18:30,Sábado,09,Ceará,Empate,1,1,Visitante,Lucas Casagrande,28.3,4.5,181.3,6.6,29.7,2.5,179.3,7.9,Estádio Governador Plácido Castelo,24873
Bahia,2025,16,24/09/2025,19:30,Quarta,09,Vasco da Gama,Derrota,1,3,Visitante,Joao Vitor Gobi,28.6,4.4,182.8,5.9,28.0,4.3,179.4,5.7,Estádio São Januário,16188
Bahia,2025,25,28/09/2025,16:00,Domingo,09,Palmeiras,Vitória,1,0,Mandante,Anderson Daronco,27.4,4.7,180.7,7.0,28.3,4.8,182.2,5.0,Arena Fonte Nova,45615
Bahia,2025,26,01/10/2025,21:30,Quarta,10,Botafogo,Derrota,1,2,Visitante,Felipe Fernandes de Lima,28.1,4.8,182.2,6.4,27.1,2.5,182.2,7.9,Estádio Nilton Santos,8059
Bahia,2025,27,05/10/2025,18:30,Domingo,10,Flamengo,Vitória,1,0,Mandante,Rodrigo Jose Pereira de Lima,29.7,4.0,181.8,7.1,29.5,2.6,180.9,6.9,Arena Fonte Nova,48634
Bahia,2025,28,16/10/2025,21:30,Quinta,10,Vitória,Derrota,1,2,Visitante,Anderson Daronco,27.3,4.0,181.3,7.4,28.5,2.6,180.8,6.5,Estádio Manoel Barradas,28027
Bahia,2025,29,19/10/2025,20:30,Domingo,10,Grêmio,Vitória,4,0,Mandante,Raphael Claus,28.5,3.6,182.1,6.7,29.5,4.9,180.7,7.5,Arena Fonte Nova,29272
Bahia,2025,14,22/10/2025,19:00,Quarta,10,Internacional,Vitória,1,0,Mandante,Flavio Rodrigues De Souza,27.8,3.6,181.5,6.7,27.2,5.1,180.3,6.7,Arena Fonte Nova,27349
Bahia,2025,30,25/10/2025,21:30,Sábado,10,São Paulo,Derrota,0,2,Visitante,Lucas Paulo Torezin,28.2,3.9,181.4,7.2,28.9,4.7,179.5,7.0,MorumBIS,15253
Bahia,2025,31,02/11/2025,16:00,Domingo,11,Red Bull Bragantino,Vitória,2,1,Mandante,Marcelo de Lima Henrique,27.7,3.7,180.4,7.8,27.3,3.6,181.4,8.6,Arena Fonte Nova,43129
Bahia,2025,32,05/11/2025,20:00,Quarta,11,Atlético Mineiro,Derrota,0,3,Visitante,Davi de Oliveira Lacerda,28.5,3.2,180.1,6.9,31.2,4.5,178.1,8.0,Arena MRV,25506
Bahia,2025,33,08/11/2025,18:30,Sábado,11,Internacional,Empate,2,2,Visitante,Lucas Paulo Torezin,28.9,3.1,180.7,7.7,28.0,5.0,178.7,6.9,Estádio Beira-Rio,18524
Bahia,2025,34,20/11/2025,18:00,Quinta,11,Fortaleza,Derrota,2,3,Mandante,Rafael Rodrigo Klein,28.6,3.0,180.7,7.8,27.3,3.1,179.6,5.4,Arena Fonte Nova,39941
Bahia,2025,35,23/11/2025,16:00,Domingo,11,Vasco da Gama,Vitória,1,0,Mandante,Jefferson Ferreira de Moraes,29.3,3.9,179.5,7.4,24.9,3.5,179.8,5.3,Arena Fonte Nova,43074
Bahia,2025,36,28/11/2025,19:00,Sexta,11,Juventude,Empate,1,1,Visitante,Fernando Antonio Mendes de Salles Nascimento Filho,29.3,3.7,180.4,7.8,29.8,5.6,179.6,4.2,Estádio Alfredo Jaconi,4536
Bahia,2025,37,03/12/2025,20:00,Quarta,12,Sport Recife,Vitória,2,0,Mandante,Flavio Rodrigues De Souza,28.7,3.9,179.1,7.9,30.0,4.4,180.4,8.1,Arena Fonte Nova,39847
Bahia,2025,38,07/12/2025,16:00,Domingo,12,Fluminense,Derrota,0,2,Visitante,Matheus Delgado Candançan,28.9,3.8,179.8,7.7,32.2,6.3,176.2,7.5,Estádio do Maracanã,52268
