time,temporada,rodada,data,horario,dia_semana,mes,adversario,resultado,gols_favor,gols_sofridos,condicao,arbitro,idade_media_titular_time,desvio_idade_media_time,altura_media_titular_time,desvio_altura_media_time,idade_media_titular_adv,desvio_idade_media_adv,altura_media_titular_adv,desvio_altura_media_adv,estadio
Corinthians,2015,1,10/05/2015,16:00,Domingo,05,Cruzeiro,Vitória,1,0,Visitante,Anderson Daronco,28.0,4.9,181.5,6.6,26.7,4.1,177.9,7.6,Governador Magalhães Pinto
Corinthians,2015,2,16/05/2015,21:00,Sábado,05,Chapecoense,Vitória,1,0,Mandante,Marcelo de Lima Henrique,N.A,N.A,N.A,N.A,N.A,N.A,N.A,N.A,Neo Química Arena
Corinthians,2015,3,24/05/2015,16:00,Domingo,05,Fluminense,Empate,0,0,Visitante,Heber Roberto Lopes,N.A,N.A,N.A,N.A,N.A,N.A,N.A,N.A,Estádio do Maracanã
Corinthians,2015,4,31/05/2015,16:00,Domingo,05,Palmeiras,Derrota,0,2,Mandante,Vinicius Goncalves Dias Araujo,N.A,N.A,N.A,N.A,N.A,N.A,N.A,N.A,Neo Química Arena
Corinthians,2015,5,03/06/2015,22:00,Quarta,06,Grêmio,Derrota,1,3,Visitante,Wilton Pereira Sampaio,28.0,3.4,180.4,8.6,24.6,3.7,183.7,5.9,Arena do Grêmio
Corinthians,2015,6,06/06/2015,22:00,Sábado,06,Joinville,Vitória,1,0,Visitante,Dewson Fernando Freitas da Silva,28.0,3.4,180.4,8.6,25.0,3.6,181.3,4.4,Arena Joinville
Corinthians,2015,7,13/06/2015,16:30,Sábado,06,Internacional,Vitória,2,1,Mandante,Marcelo de Lima Henrique,28.1,3.4,180.5,8.6,28.1,5.2,182.8,7.3,Neo Química Arena
Corinthians,2015,8,20/06/2015,16:30,Sábado,06,Santos,Derrota,0,1,Visitante,Luiz Flávio de Oliveira,28.5,3.0,180.2,8.9,25.2,4.2,178.8,7.0,Estádio Urbano Caldeira
Corinthians,2015,9,27/06/2015,21:00,Sábado,06,Figueirense,Vitória,2,1,Mandante,Igor Junio Benevenuto,26.7,3.6,180.9,8.4,26.7,4.5,182.8,6.8,Neo Química Arena
Corinthians,2015,10,02/07/2015,19:30,Quinta,07,Ponte Preta,Vitória,2,0,Mandante,Thiago Duarte Peixoto,N.A,N.A,N.A,N.A,N.A,N.A,N.A,N.A,Neo Química Arena
Corinthians,2015,11,05/07/2015,16:00,Domingo,07,Goiás,Empate,0,0,Visitante,Heber Roberto Lopes,27.2,3.4,179.4,9.4,25.3,4.0,179.6,5.4,Serra Dourada
Corinthians,2015,12,09/07/2015,19:30,Quinta,07,Athletico,Vitória,2,0,Mandante,Ricardo Marques Ribeiro,27.2,3.4,179.4,9.4,25.9,3.9,179.3,7.7,Neo Química Arena
Corinthians,2015,13,12/07/2015,16:00,Domingo,07,Flamengo,Vitória,3,0,Visitante,Leandro Pedro Vuaden,N.A,N.A,N.A,N.A,N.A,N.A,N.A,N.A,Estádio do Maracanã
Corinthians,2015,14,18/07/2015,21:00,Sábado,07,Atlético Mineiro,Vitória,1,0,Mandante,Anderson Daronco,26.7,3.1,179.9,7.8,27.8,4.3,181.1,7.4,Neo Química Arena
Corinthians,2015,15,26/07/2015,16:00,Domingo,07,Coritiba,Empate,1,1,Visitante,Pablo Dos Santos Alves,27.8,4.0,179.0,9.0,26.4,3.6,178.8,5.6,Estádio Major Antônio Couto Pereira
Corinthians,2015,16,29/07/2015,22:00,Quarta,07,Vasco da Gama,Vitória,3,0,Mandante,Leandro Pedro Vuaden,27.3,3.4,178.7,8.5,27.4,5.2,181.1,5.4,Neo Química Arena
Corinthians,2015,17,09/08/2015,16:00,Domingo,08,São Paulo,Empate,1,1,Visitante,Leandro Pedro Vuaden,26.5,3.5,180.2,9.1,28.8,6.0,183.2,5.5,MorumBIS
Corinthians,2015,18,12/08/2015,22:00,Quarta,08,Sport Recife,Vitória,4,3,Mandante,Luiz Flávio de Oliveira,N.A,N.A,N.A,N.A,N.A,N.A,N.A,N.A,Neo Química Arena
Corinthians,2015,19,16/08/2015,16:00,Domingo,08,Avaí,Vitória,2,1,Visitante,Anderson Daronco,26.5,3.5,179.5,9.0,27.5,4.4,178.1,7.1,Estádio da Ressacada
Corinthians,2015,20,23/08/2015,16:00,Domingo,08,Cruzeiro,Vitória,3,0,Mandante,Pericles Bassols Pegado Cortez,27.4,3.4,179.4,9.4,27.8,3.7,180.5,5.8,Neo Química Arena
Corinthians,2015,21,30/08/2015,16:00,Domingo,08,Chapecoense,Vitória,3,1,Visitante,Wilton Pereira Sampaio,N.A,N.A,N.A,N.A,N.A,N.A,N.A,N.A,Arena Condá
Corinthians,2015,22,02/09/2015,22:00,Quarta,09,Fluminense,Vitória,2,0,Mandante,Sandro Meira Ricci,27.7,5.9,180.4,9.2,27.5,4.9,180.2,6.8,Neo Química Arena
Corinthians,2015,23,06/09/2015,16:00,Domingo,09,Palmeiras,Empate,3,3,Visitante,Raphael Claus,26.2,4.7,180.6,9.5,29.2,6.1,178.5,7.7,Nubank Parque
Corinthians,2015,24,09/09/2015,22:00,Quarta,09,Grêmio,Empate,1,1,Mandante,Andre Luiz de Freitas Castro,27.0,5.3,181.1,8.4,26.4,4.6,182.9,5.6,Neo Química Arena
Corinthians,2015,25,13/09/2015,11:00,Domingo,09,Joinville,Vitória,3,0,Mandante,Wilton Pereira Sampaio,28.6,2.1,180.6,9.1,24.8,2.8,179.8,5.5,Neo Química Arena
Corinthians,2015,26,16/09/2015,22:00,Quarta,09,Internacional,Derrota,1,2,Visitante,Jailson Macedo Freitas,27.9,3.6,179.7,9.5,25.6,4.3,182.1,6.9,Estádio Beira-Rio
Corinthians,2015,27,20/09/2015,11:00,Domingo,09,Santos,Vitória,2,0,Mandante,Flavio Rodrigues Guerra,27.6,3.8,180.3,9.6,26.5,5.8,181.0,7.8,Neo Química Arena
Corinthians,2015,28,27/09/2015,16:00,Domingo,09,Figueirense,Vitória,3,1,Visitante,Marcelo de Lima Henrique,27.6,3.8,180.3,9.6,25.3,3.8,181.2,5.4,Orlando Scarpelli
Corinthians,2015,29,04/10/2015,16:00,Domingo,10,Ponte Preta,Empate,2,2,Visitante,Flavio Rodrigues De Souza,27.9,3.8,181.1,8.9,28.3,4.3,177.1,6.9,Moisés Lucarelli
Corinthians,2015,30,15/10/2015,19:30,Quinta,10,Goiás,Vitória,3,0,Mandante,Reway Wagner,27.9,4.9,180.3,8.3,26.7,4.2,179.9,4.7,Neo Química Arena
Corinthians,2015,31,18/10/2015,15:00,Domingo,10,Athletico,Vitória,4,1,Visitante,Elmo Alves Resende Cunha,27.5,4.5,180.3,8.9,25.3,4.1,180.6,6.8,Arena da Baixada
Corinthians,2015,32,25/10/2015,16:00,Domingo,10,Flamengo,Vitória,1,0,Mandante,Wilton Pereira Sampaio,27.5,4.5,180.3,8.9,26.8,3.6,180.3,5.8,Neo Química Arena
Corinthians,2015,33,01/11/2015,16:00,Domingo,11,Atlético Mineiro,Vitória,3,0,Visitante,Heber Roberto Lopes,27.3,4.4,180.6,8.7,28.9,4.1,180.5,7.6,Arena Independência
Corinthians,2015,34,07/11/2015,18:30,Sábado,11,Coritiba,Vitória,2,1,Mandante,Dewson Fernando Freitas da Silva,27.5,4.5,180.3,8.9,28.4,4.1,177.8,6.7,Neo Química Arena
Corinthians,2015,35,19/11/2015,21:00,Quinta,11,Vasco da Gama,Empate,1,1,Visitante,Anderson Daronco,27.6,4.5,180.3,8.9,30.1,4.2,179.5,4.7,Estádio São Januário
Corinthians,2015,36,22/11/2015,16:00,Domingo,11,São Paulo,Vitória,6,1,Mandante,Pericles Bassols Pegado Cortez,28.5,3.8,182.0,7.2,26.7,3.5,181.2,5.1,Neo Química Arena
Corinthians,2015,37,29/11/2015,16:00,Domingo,11,Sport Recife,Derrota,0,2,Visitante,Ricardo Marques Ribeiro,28.9,3.2,179.1,7.4,27.6,4.1,180.0,7.8,Arena de Pernambuco
Corinthians,2015,38,06/12/2015,16:00,Domingo,12,Avaí,Empate,1,1,Mandante,Leandro Pedro Vuaden,27.5,3.4,179.9,8.7,25.2,4.0,178.6,8.1,Neo Química Arena
Corinthians,2016,1,15/05/2016,16:00,Domingo,05,Grêmio,Empate,0,0,Mandante,Wilton Pereira Sampaio,26.9,1.9,179.9,6.8,27.3,3.5,181.5,7.9,Neo Química Arena
Corinthians,2016,2,22/05/2016,16:00,Domingo,05,Vitória,Derrota,2,3,Visitante,Heber Roberto Lopes,27.1,1.6,179.6,7.0,26.5,3.7,179.0,7.2,Estádio Manoel Barradas
Corinthians,2016,3,26/05/2016,11:00,Quinta,05,Ponte Preta,Vitória,3,0,Mandante,Elmo Alves Resende Cunha,27.4,2.2,180.3,6.6,25.5,4.7,180.2,7.7,Neo Química Arena
Corinthians,2016,4,29/05/2016,11:00,Domingo,05,Sport Recife,Vitória,2,0,Visitante,Reway Wagner,27.4,2.2,180.3,6.6,28.9,5.8,178.2,8.0,Ilha do Retiro
Corinthians,2016,5,01/06/2016,21:00,Quarta,06,Santos,Vitória,1,0,Mandante,Leandro Pedro Vuaden,27.4,2.2,180.3,6.6,26.5,5.9,181.2,7.9,Neo Química Arena
Corinthians,2016,6,04/06/2016,20:30,Sábado,06,Coritiba,Vitória,2,1,Mandante,Anderson Daronco,26.5,3.0,180.5,6.6,28.4,5.4,176.7,6.9,Neo Química Arena
Corinthians,2016,7,12/06/2016,16:00,Domingo,06,Palmeiras,Derrota,0,1,Visitante,Raphael Claus,27.0,2.5,180.0,6.4,28.0,7.2,179.4,7.0,Nubank Parque
Corinthians,2016,8,16/06/2016,20:00,Quinta,06,Fluminense,Derrota,0,1,Visitante,Ricardo Marques Ribeiro,26.6,2.1,178.8,6.1,26.7,4.8,179.5,7.0,Estádio Giulite Coutinho
Corinthians,2016,9,19/06/2016,16:00,Domingo,06,Botafogo,Vitória,3,1,Mandante,Rodolpho Toski Marques,26.2,2.2,179.8,7.3,26.6,4.8,179.7,6.8,Neo Química Arena
Corinthians,2016,10,22/06/2016,21:45,Quarta,06,Atlético Mineiro,Derrota,1,2,Visitante,Wilton Pereira Sampaio,26.5,2.3,179.7,7.4,29.0,5.0,180.2,8.5,Arena Independência
Corinthians,2016,11,25/06/2016,21:00,Sábado,06,Santa Cruz,Vitória,2,1,Mandante,Wagner do Nascimento Magalhaes,25.8,2.4,180.4,7.1,28.7,4.1,181.1,6.9,Neo Química Arena
Corinthians,2016,12,29/06/2016,21:45,Quarta,06,América Mineiro,Vitória,2,0,Visitante,Reway Wagner,25.8,2.4,180.4,7.1,28.7,3.6,180.5,5.3,Arena Independência
Corinthians,2016,13,03/07/2016,16:00,Domingo,07,Flamengo,Vitória,4,0,Mandante,Heber Roberto Lopes,25.9,2.4,180.4,7.1,27.2,3.8,182.2,5.6,Neo Química Arena
Corinthians,2016,14,09/07/2016,16:30,Sábado,07,Chapecoense,Vitória,2,0,Visitante,Ricardo Marques Ribeiro,25.9,2.4,180.4,7.1,28.8,3.9,178.9,6.8,Arena Condá
Corinthians,2016,15,17/07/2016,16:00,Domingo,07,São Paulo,Empate,1,1,Mandante,Pericles Bassols Pegado Cortez,27.4,3.4,180.5,7.1,27.4,3.0,180.4,6.8,Neo Química Arena
Corinthians,2016,16,23/07/2016,16:00,Sábado,07,Figueirense,Empate,1,1,Mandante,Marielson Alves Silva,25.8,2.4,180.8,6.3,26.3,4.1,178.9,7.0,Neo Química Arena
Corinthians,2016,17,31/07/2016,16:00,Domingo,07,Internacional,Vitória,1,0,Visitante,Elmo Alves Resende Cunha,26.7,2.1,180.0,7.2,27.3,3.2,181.9,5.5,Estádio Beira-Rio
Corinthians,2016,18,03/08/2016,21:45,Quarta,08,Athletico,Derrota,0,2,Visitante,Anderson Daronco,26.8,2.0,179.5,7.2,25.2,3.2,180.2,6.6,Arena da Baixada
Corinthians,2016,19,08/08/2016,21:00,Segunda,08,Cruzeiro,Empate,1,1,Mandante,Dewson Fernando Freitas da Silva,26.7,2.1,180.0,7.2,27.8,3.4,179.8,6.8,Neo Química Arena
Corinthians,2016,20,14/08/2016,11:00,Domingo,08,Grêmio,Derrota,0,3,Visitante,Braulio Da Silva Machado,26.5,1.6,180.4,7.0,27.6,4.4,180.9,6.4,Arena do Grêmio
Corinthians,2016,21,22/08/2016,20:00,Segunda,08,Vitória,Vitória,2,1,Mandante,Bruno Arleu de Araujo,27.1,2.1,179.1,7.3,27.3,2.9,178.5,8.2,Neo Química Arena
Corinthians,2016,22,27/08/2016,16:00,Sábado,08,Ponte Preta,Derrota,0,2,Visitante,Luiz Flávio de Oliveira,27.7,2.7,179.6,7.4,29.1,3.9,179.9,8.3,Moisés Lucarelli
Corinthians,2016,23,08/09/2016,19:30,Quinta,09,Sport Recife,Vitória,3,0,Mandante,Joao Batista de Arruda,26.9,3.2,181.4,5.8,28.2,6.0,178.5,8.0,Neo Química Arena
Corinthians,2016,24,11/09/2016,16:00,Domingo,09,Santos,Derrota,1,2,Visitante,Raphael Claus,26.7,1.9,181.7,7.2,25.2,5.1,182.5,7.8,Estádio Urbano Caldeira
Corinthians,2016,25,14/09/2016,21:45,Quarta,09,Coritiba,Empate,1,1,Visitante,Grazianni Maciel Rocha,27.2,2.7,182.3,7.0,25.2,4.7,179.4,5.9,Estádio Major Antônio Couto Pereira
Corinthians,2016,26,17/09/2016,16:00,Sábado,09,Palmeiras,Derrota,0,2,Mandante,Heber Roberto Lopes,25.8,3.9,182.5,6.4,27.4,4.6,179.5,8.9,Neo Química Arena
Corinthians,2016,27,25/09/2016,16:00,Domingo,09,Fluminense,Derrota,0,1,Mandante,Anderson Daronco,25.6,2.5,179.1,5.8,26.9,4.6,178.7,7.8,Neo Química Arena
Corinthians,2016,28,01/10/2016,16:30,Sábado,10,Botafogo,Derrota,0,2,Visitante,Caio Max Augusto Vieira,25.3,3.0,179.7,6.2,26.5,4.0,180.4,7.0,Estádio Luso Brasileiro
Corinthians,2016,29,05/10/2016,21:00,Quarta,10,Atlético Mineiro,Empate,0,0,Mandante,Rodolpho Toski Marques,24.8,3.0,180.6,5.6,29.3,5.5,181.3,7.2,Neo Química Arena
Corinthians,2016,30,12/10/2016,21:45,Quarta,10,Santa Cruz,Vitória,4,2,Visitante,Grazianni Maciel Rocha,25.8,2.8,179.8,5.5,28.1,5.0,180.7,8.2,Estádio do Arruda
Corinthians,2016,31,16/10/2016,17:30,Domingo,10,América Mineiro,Vitória,2,0,Mandante,Dewson Fernando Freitas da Silva,26.7,2.6,179.2,6.2,28.7,4.1,180.2,5.9,Neo Química Arena
Corinthians,2016,32,23/10/2016,16:00,Domingo,10,Flamengo,Empate,2,2,Visitante,Anderson Daronco,27.6,1.7,178.6,6.3,29.6,4.5,180.4,7.0,Estádio do Maracanã
Corinthians,2016,33,29/10/2016,15:30,Sábado,10,Chapecoense,Empate,1,1,Mandante,Jean Pierre Goncalves Lima,26.5,2.3,179.6,6.0,28.2,4.8,179.3,7.9,Neo Química Arena
Corinthians,2016,34,05/11/2016,18:30,Sábado,11,São Paulo,Derrota,0,4,Visitante,Claudio Francisco Lima E. Silva,27.6,1.8,179.3,7.5,25.4,2.8,178.8,7.1,MorumBIS
Corinthians,2016,35,16/11/2016,20:45,Quarta,11,Figueirense,Empate,1,1,Visitante,Anderson Daronco,25.6,3.9,178.8,6.0,29.4,3.4,181.2,8.6,Orlando Scarpelli
Corinthians,2016,36,21/11/2016,19:00,Segunda,11,Internacional,Vitória,1,0,Mandante,Rodolpho Toski Marques,26.7,3.3,180.1,6.1,25.7,3.0,181.1,4.9,Neo Química Arena
Corinthians,2016,37,26/11/2016,20:00,Sábado,11,Athletico,Empate,0,0,Mandante,Leandro Pedro Vuaden,27.5,2.4,180.2,6.0,27.2,4.5,181.8,6.5,Neo Química Arena
Corinthians,2016,38,11/12/2016,16:00,Domingo,12,Cruzeiro,Derrota,2,3,Visitante,Reway Wagner,27.7,2.4,180.2,6.0,27.7,3.1,179.6,6.2,Governador Magalhães Pinto
Corinthians,2017,1,13/05/2017,19:00,Sábado,05,Chapecoense,Empate,1,1,Mandante,Elmo Alves Resende Cunha,26.5,4.0,179.3,8.8,26.3,3.5,181.9,6.9,Neo Química Arena
Corinthians,2017,2,21/05/2017,16:00,Domingo,05,Vitória,Vitória,1,0,Visitante,Pericles Bassols Pegado Cortez,26.2,4.3,179.3,8.8,27.8,4.4,182.1,6.8,Estádio Manoel Barradas
Corinthians,2017,3,28/05/2017,16:00,Domingo,05,Atlético Goianiense,Vitória,1,0,Visitante,Paulo Schleich Vollkopf,26.2,4.3,179.3,8.8,26.4,2.5,182.7,5.3,Serra Dourada
Corinthians,2017,4,03/06/2017,19:00,Sábado,06,Santos,Vitória,2,0,Mandante,Anderson Daronco,26.2,4.3,179.3,8.8,28.8,5.6,181.5,8.4,Neo Química Arena
Corinthians,2017,5,07/06/2017,21:45,Quarta,06,Vasco da Gama,Vitória,5,2,Visitante,Reway Wagner,26.0,4.4,178.7,9.2,26.1,5.5,180.2,6.6,Estádio São Januário
Corinthians,2017,6,11/06/2017,16:00,Domingo,06,São Paulo,Vitória,3,2,Mandante,Ricardo Marques Ribeiro,26.6,4.1,179.7,8.3,26.0,4.1,184.5,5.5,Neo Química Arena
Corinthians,2017,7,14/06/2017,21:45,Quarta,06,Cruzeiro,Vitória,1,0,Mandante,Leandro Pedro Vuaden,26.6,4.1,179.7,8.3,28.6,4.8,179.9,7.0,Neo Química Arena
Corinthians,2017,8,18/06/2017,11:00,Domingo,06,Coritiba,Empate,0,0,Visitante,Marcelo de Lima Henrique,26.0,3.3,179.8,8.3,27.3,4.4,180.9,5.8,Estádio Major Antônio Couto Pereira
Corinthians,2017,9,22/06/2017,19:30,Quinta,06,Bahia,Vitória,3,0,Mandante,Dewson Fernando Freitas da Silva,26.7,4.0,179.3,8.8,24.8,2.8,180.0,6.9,Neo Química Arena
Corinthians,2017,10,25/06/2017,16:00,Domingo,06,Grêmio,Vitória,1,0,Visitante,Wilton Pereira Sampaio,27.1,4.1,179.7,8.5,27.4,3.8,179.8,6.9,Arena do Grêmio
Corinthians,2017,11,02/07/2017,16:00,Domingo,07,Botafogo,Vitória,1,0,Mandante,Rodolpho Toski Marques,26.4,4.2,178.3,9.6,27.1,4.2,179.9,6.3,Neo Química Arena
Corinthians,2017,12,08/07/2017,19:00,Sábado,07,Ponte Preta,Vitória,2,0,Mandante,Ricardo Marques Ribeiro,26.0,4.3,179.7,8.3,31.1,4.7,178.2,6.8,Neo Química Arena
Corinthians,2017,13,12/07/2017,21:45,Quarta,07,Palmeiras,Vitória,2,0,Visitante,Leandro Pedro Vuaden,26.7,4.0,179.3,8.8,28.9,5.3,179.8,8.2,Nubank Parque
Corinthians,2017,14,15/07/2017,19:00,Sábado,07,Athletico,Empate,2,2,Mandante,Sandro Meira Ricci,26.3,3.9,179.7,9.0,26.9,5.0,181.5,6.5,Neo Química Arena
Corinthians,2017,15,19/07/2017,21:00,Quarta,07,Avaí,Empate,0,0,Visitante,Wilton Pereira Sampaio,26.7,4.0,179.3,8.8,28.2,3.8,179.0,7.7,Estádio da Ressacada
Corinthians,2017,16,23/07/2017,16:00,Domingo,07,Fluminense,Vitória,1,0,Visitante,Rafael Traci,25.8,3.6,180.1,8.1,24.5,3.9,183.3,4.3,Estádio do Maracanã
Corinthians,2017,17,30/07/2017,16:00,Domingo,07,Flamengo,Empate,1,1,Mandante,Ricardo Marques Ribeiro,25.5,3.7,178.8,9.2,30.9,3.8,178.4,6.6,Neo Química Arena
Corinthians,2017,18,02/08/2017,21:00,Quarta,08,Atlético Mineiro,Vitória,2,0,Visitante,Anderson Daronco,25.6,3.7,179.1,9.1,29.4,5.0,180.1,7.8,Arena Independência
Corinthians,2017,19,05/08/2017,19:00,Sábado,08,Sport Recife,Vitória,3,1,Mandante,Reway Wagner,25.3,3.7,179.1,9.1,29.2,5.4,178.1,7.2,Neo Química Arena
Corinthians,2017,21,19/08/2017,16:00,Sábado,08,Vitória,Derrota,0,1,Mandante,Eduardo Tomaz de Aquino Valadao,25.4,3.7,179.1,9.1,26.7,3.8,179.9,8.0,Neo Química Arena
Corinthians,2017,20,23/08/2017,19:30,Quarta,08,Chapecoense,Vitória,1,0,Visitante,Paulo Roberto Alves Junior,25.3,3.9,180.4,8.1,26.9,4.2,183.5,6.4,Arena Condá
Corinthians,2017,22,26/08/2017,19:00,Sábado,08,Atlético Goianiense,Derrota,0,1,Mandante,Pericles Bassols Pegado Cortez,26.5,4.2,178.6,9.4,25.9,2.6,180.1,5.6,Neo Química Arena
Corinthians,2017,23,10/09/2017,16:00,Domingo,09,Santos,Derrota,0,2,Visitante,Raphael Claus,27.1,3.7,180.2,9.0,28.8,5.3,182.7,7.4,Estádio Urbano Caldeira
Corinthians,2017,24,17/09/2017,16:00,Domingo,09,Vasco da Gama,Vitória,1,0,Mandante,Elmo Alves Resende Cunha,27.1,4.0,180.1,8.4,28.3,4.8,181.0,5.1,Neo Química Arena
Corinthians,2017,25,24/09/2017,11:00,Domingo,09,São Paulo,Empate,1,1,Visitante,Wagner do Nascimento Magalhaes,26.9,4.0,179.3,8.8,25.8,4.8,180.9,6.3,MorumBIS
Corinthians,2017,26,01/10/2017,16:00,Domingo,10,Cruzeiro,Empate,1,1,Visitante,Rodolpho Toski Marques,27.0,4.1,178.9,8.5,28.7,5.1,178.5,6.9,Governador Magalhães Pinto
Corinthians,2017,27,11/10/2017,21:00,Quarta,10,Coritiba,Vitória,3,1,Mandante,Claudio Francisco Lima E. Silva,26.3,4.5,180.3,8.0,28.6,2.9,179.3,4.5,Neo Química Arena
Corinthians,2017,28,15/10/2017,18:00,Domingo,10,Bahia,Derrota,0,2,Visitante,Ricardo Marques Ribeiro,26.8,4.2,180.1,8.4,26.2,3.4,181.1,6.3,Arena Fonte Nova
Corinthians,2017,29,18/10/2017,20:45,Quarta,10,Grêmio,Empate,0,0,Mandante,Heber Roberto Lopes,26.6,4.3,179.3,8.8,28.0,4.1,180.3,7.5,Neo Química Arena
Corinthians,2017,30,23/10/2017,19:00,Segunda,10,Botafogo,Derrota,1,2,Visitante,Rodrigo Batista Raposo,26.8,4.2,179.0,8.9,26.9,3.2,181.1,7.1,Estádio Nilton Santos
Corinthians,2017,31,29/10/2017,16:00,Domingo,10,Ponte Preta,Derrota,0,1,Visitante,Marcelo Aparecido Ribeiro de Souza,27.0,4.0,179.3,8.8,30.8,5.5,179.7,7.2,Moisés Lucarelli
Corinthians,2017,32,05/11/2017,16:00,Domingo,11,Palmeiras,Vitória,3,2,Mandante,Anderson Daronco,26.7,3.0,179.5,9.0,28.8,4.9,181.0,7.7,Neo Química Arena
Corinthians,2017,33,08/11/2017,20:00,Quarta,11,Athletico,Vitória,1,0,Visitante,Wagner do Nascimento Magalhaes,26.2,3.5,179.3,7.8,28.5,4.6,181.1,6.2,Arena da Baixada
Corinthians,2017,34,11/11/2017,18:00,Sábado,11,Avaí,Vitória,1,0,Mandante,Dewson Fernando Freitas da Silva,26.0,3.1,178.4,7.5,28.6,5.5,180.5,6.9,Neo Química Arena
Corinthians,2017,35,15/11/2017,20:45,Quarta,11,Fluminense,Vitória,3,1,Mandante,Braulio Da Silva Machado,25.6,3.2,178.7,7.9,26.0,4.2,180.3,8.2,Neo Química Arena
Corinthians,2017,36,19/11/2017,16:00,Domingo,11,Flamengo,Derrota,0,3,Visitante,Reway Wagner,26.5,2.7,181.7,7.5,28.0,3.7,180.1,6.5,Estádio Luso Brasileiro
Corinthians,2017,37,26/11/2017,16:00,Domingo,11,Atlético Mineiro,Empate,2,2,Mandante,Wagner do Nascimento Magalhaes,27.1,4.0,178.7,9.6,29.8,5.4,179.1,8.1,Neo Química Arena
Corinthians,2017,38,03/12/2017,16:00,Domingo,12,Sport Recife,Derrota,0,1,Visitante,Ricardo Marques Ribeiro,25.2,3.8,181.1,7.4,30.5,4.4,180.8,4.6,Ilha do Retiro
Corinthians,2018,1,15/04/2018,16:00,Domingo,04,Fluminense,Vitória,2,1,Mandante,Anderson Daronco,27.7,3.8,179.2,8.1,25.0,4.0,181.7,7.9,Neo Química Arena
Corinthians,2018,2,22/04/2018,11:00,Domingo,04,Paraná Clube,Vitória,4,0,Visitante,Pericles Bassols Pegado Cortez,28.0,3.7,178.2,8.0,24.2,3.2,179.0,5.0,Durival Britto e Silva
Corinthians,2018,3,29/04/2018,16:00,Domingo,04,Atlético Mineiro,Derrota,0,1,Visitante,Dewson Fernando Freitas da Silva,26.3,3.7,177.5,8.3,28.1,5.4,179.1,7.8,Arena Independência
Corinthians,2018,4,06/05/2018,11:00,Domingo,05,Ceará,Empate,1,1,Mandante,Savio Pereira Sampaio,27.0,5.8,180.4,7.3,28.9,2.7,179.0,6.9,Neo Química Arena
Corinthians,2018,5,13/05/2018,16:00,Domingo,05,Palmeiras,Vitória,1,0,Mandante,Anderson Daronco,26.6,4.6,178.4,7.6,29.0,4.0,180.1,6.4,Neo Química Arena
Corinthians,2018,6,20/05/2018,16:00,Domingo,05,Sport Recife,Empate,1,1,Visitante,Wilton Pereira Sampaio,26.1,5.1,180.1,6.3,28.6,5.5,180.6,5.6,Arena de Pernambuco
Corinthians,2018,7,27/05/2018,16:00,Domingo,05,Internacional,Derrota,1,2,Visitante,Pericles Bassols Pegado Cortez,27.4,5.0,179.1,6.0,26.4,2.9,181.6,6.0,Estádio Beira-Rio
Corinthians,2018,8,31/05/2018,18:00,Quinta,05,América Mineiro,Vitória,1,0,Mandante,Grazianni Maciel Rocha,27.0,4.8,177.6,6.4,26.5,3.7,182.3,6.1,Neo Química Arena
Corinthians,2018,9,03/06/2018,16:00,Domingo,06,Flamengo,Derrota,0,1,Visitante,Anderson Daronco,26.1,4.9,177.5,6.4,26.8,4.8,179.9,6.1,Estádio do Maracanã
Corinthians,2018,10,06/06/2018,21:00,Quarta,06,Santos,Empate,1,1,Mandante,Ricardo Marques Ribeiro,26.5,4.4,179.2,5.8,27.3,5.8,179.4,7.0,Neo Química Arena
Corinthians,2018,11,09/06/2018,21:00,Sábado,06,Vitória,Empate,0,0,Mandante,Pericles Bassols Pegado Cortez,25.6,4.8,179.0,5.9,26.3,4.5,179.6,8.3,Neo Química Arena
Corinthians,2018,12,13/06/2018,21:45,Quarta,06,Bahia,Derrota,0,1,Visitante,Leandro Pedro Vuaden,26.3,4.5,178.9,6.0,27.7,3.2,180.3,8.4,Arena Fonte Nova
Corinthians,2018,13,18/07/2018,21:45,Quarta,07,Botafogo,Vitória,2,0,Mandante,Rodrigo D'alonso Ferreira,28.1,3.8,180.4,7.5,27.9,5.5,181.0,7.8,Neo Química Arena
Corinthians,2018,14,21/07/2018,21:00,Sábado,07,São Paulo,Derrota,1,3,Visitante,Marcelo de Lima Henrique,28.4,2.5,180.8,8.0,28.4,5.1,181.4,4.9,MorumBIS
Corinthians,2018,15,25/07/2018,21:45,Quarta,07,Cruzeiro,Vitória,2,0,Mandante,Paulo Roberto Alves Junior,27.5,4.4,178.5,9.5,31.5,3.9,179.7,6.9,Neo Química Arena
Corinthians,2018,16,29/07/2018,11:00,Domingo,07,Vasco da Gama,Vitória,4,1,Visitante,Dewson Fernando Freitas da Silva,26.9,4.4,177.0,9.1,26.3,4.4,178.6,5.8,Arena BRB Mané Garrincha
Corinthians,2018,17,04/08/2018,21:00,Sábado,08,Athletico,Empate,0,0,Mandante,Pericles Bassols Pegado Cortez,24.8,5.2,179.5,8.7,27.5,5.2,180.5,6.8,Neo Química Arena
Corinthians,2018,18,12/08/2018,16:00,Domingo,08,Chapecoense,Derrota,1,2,Visitante,Grazianni Maciel Rocha,24.6,4.6,179.2,7.9,27.7,3.4,179.5,7.7,Arena Condá
Corinthians,2018,19,18/08/2018,19:00,Sábado,08,Grêmio,Derrota,0,1,Mandante,Reway Wagner,27.9,4.7,178.1,7.5,27.7,4.2,181.5,7.0,Neo Química Arena
Corinthians,2018,20,22/08/2018,21:45,Quarta,08,Fluminense,Derrota,0,1,Visitante,Ricardo Marques Ribeiro,27.7,4.9,178.2,9.1,25.8,3.9,180.3,8.9,Estádio do Maracanã
Corinthians,2018,21,25/08/2018,19:00,Sábado,08,Paraná Clube,Vitória,1,0,Mandante,Andre Luiz de Freitas Castro,28.4,5.1,178.8,9.3,25.6,2.8,180.7,3.4,Neo Química Arena
Corinthians,2018,22,01/09/2018,21:00,Sábado,09,Atlético Mineiro,Empate,1,1,Mandante,Wagner do Nascimento Magalhaes,26.3,5.0,180.2,5.7,29.6,6.2,181.1,8.9,Neo Química Arena
Corinthians,2018,23,05/09/2018,20:00,Quarta,09,Ceará,Derrota,1,2,Visitante,Rodolpho Toski Marques,27.6,5.7,179.9,6.3,27.8,4.9,178.9,8.5,Estádio Governador Plácido Castelo
Corinthians,2018,24,09/09/2018,16:00,Domingo,09,Palmeiras,Derrota,0,1,Visitante,Jean Pierre Goncalves Lima,27.7,5.7,180.5,7.4,28.0,2.9,180.2,6.1,Nubank Parque
Corinthians,2018,25,16/09/2018,19:00,Domingo,09,Sport Recife,Vitória,2,1,Mandante,Rodrigo D'alonso Ferreira,28.9,5.1,179.8,8.2,29.1,5.9,180.5,5.4,Neo Química Arena
Corinthians,2018,26,23/09/2018,16:00,Domingo,09,Internacional,Empate,1,1,Mandante,Eduardo Tomaz de Aquino Valadao,26.8,4.8,177.1,8.8,25.8,2.8,181.2,5.5,Neo Química Arena
Corinthians,2018,27,29/09/2018,19:00,Sábado,09,América Mineiro,Empate,0,0,Visitante,Marcelo de Lima Henrique,25.1,5.1,179.0,8.1,30.3,4.2,181.7,6.3,Arena Independência
Corinthians,2018,28,05/10/2018,21:00,Sexta,10,Flamengo,Derrota,0,3,Mandante,Paulo Roberto Alves Junior,27.3,5.2,178.5,8.5,27.3,3.8,180.5,6.7,Neo Química Arena
Corinthians,2018,29,13/10/2018,19:00,Sábado,10,Santos,Derrota,0,1,Visitante,Pericles Bassols Pegado Cortez,25.4,6.0,180.2,7.4,26.4,5.1,181.5,7.8,Mercado Livre Arena Pacaembu
Corinthians,2018,30,21/10/2018,16:00,Domingo,10,Vitória,Empate,2,2,Visitante,Rafael Traci,29.1,6.2,178.5,8.4,25.7,3.9,178.7,8.5,Estádio Manoel Barradas
Corinthians,2018,31,27/10/2018,19:00,Sábado,10,Bahia,Vitória,2,1,Mandante,Anderson Daronco,27.8,6.3,178.6,8.2,27.5,4.3,179.9,7.9,Neo Química Arena
Corinthians,2018,32,04/11/2018,16:00,Domingo,11,Botafogo,Derrota,0,1,Visitante,Leandro Pedro Vuaden,28.3,5.8,180.2,7.9,27.1,3.4,181.3,7.5,Estadio Nilton Santos
Corinthians,2018,33,10/11/2018,16:00,Sábado,11,São Paulo,Empate,1,1,Mandante,Rodolpho Toski Marques,28.2,6.6,179.9,8.3,27.8,3.8,183.4,5.2,Neo Química Arena
Corinthians,2018,34,14/11/2018,20:45,Quarta,11,Cruzeiro,Derrota,0,1,Visitante,Jean Pierre Goncalves Lima,29.1,6.0,179.8,8.3,29.5,4.4,179.2,6.0,Governador Magalhães Pinto
Corinthians,2018,35,17/11/2018,18:00,Sábado,11,Vasco da Gama,Vitória,1,0,Mandante,Wilton Pereira Sampaio,28.6,6.5,180.3,8.1,27.5,3.8,179.3,5.8,Neo Química Arena
Corinthians,2018,36,21/11/2018,20:45,Quarta,11,Athletico,Derrota,0,1,Visitante,Marcelo de Lima Henrique,28.6,6.5,180.3,8.1,27.3,4.7,178.6,7.5,Arena da Baixada
Corinthians,2018,37,25/11/2018,18:00,Domingo,11,Chapecoense,Empate,0,0,Mandante,Paulo Roberto Alves Junior,26.5,5.9,179.5,8.0,29.4,3.7,181.1,7.3,Neo Química Arena
Corinthians,2018,38,02/12/2018,16:00,Domingo,12,Grêmio,Derrota,0,1,Visitante,Ricardo Marques Ribeiro,25.8,5.3,178.3,8.2,30.1,4.7,178.6,5.8,Arena do Grêmio
Corinthians,2019,1,28/04/2019,16:00,Domingo,04,Bahia,Derrota,2,3,Visitante,Wilton Pereira Sampaio,27.3,4.8,177.5,9.7,28.2,5.2,180.3,8.3,Arena Fonte Nova
Corinthians,2019,2,01/05/2019,16:00,Quarta,05,Chapecoense,Vitória,1,0,Mandante,Ricardo Marques Ribeiro,27.3,4.8,177.5,9.7,27.8,4.6,179.7,5.8,Neo Química Arena
Corinthians,2019,3,04/05/2019,19:00,Sábado,05,Vasco da Gama,Empate,1,1,Visitante,Rodrigo D'alonso Ferreira,27.8,5.5,181.5,7.9,26.6,4.7,180.5,6.8,Estádio São Januário
Corinthians,2019,4,11/05/2019,19:00,Sábado,05,Grêmio,Empate,0,0,Mandante,Marcelo de Lima Henrique,29.0,4.2,177.5,9.3,26.6,4.0,179.5,5.6,Neo Química Arena
Corinthians,2019,5,19/05/2019,16:00,Domingo,05,Athletico,Vitória,2,0,Visitante,Wagner do Nascimento Magalhaes,30.6,4.0,178.4,8.6,24.6,3.8,181.5,5.7,Arena da Baixada
Corinthians,2019,6,26/05/2019,19:00,Domingo,05,São Paulo,Vitória,1,0,Mandante,Flavio Rodrigues De Souza,29.5,4.2,177.8,9.1,27.1,3.5,179.5,5.5,Neo Química Arena
Corinthians,2019,8,08/06/2019,19:00,Sábado,06,Cruzeiro,Empate,0,0,Visitante,Marcelo de Lima Henrique,29.7,3.7,179.3,8.4,30.5,4.2,179.9,7.4,Governador Magalhães Pinto
Corinthians,2019,9,12/06/2019,21:30,Quarta,06,Santos,Derrota,0,1,Visitante,Wagner do Nascimento Magalhaes,30.0,4.7,178.4,7.9,26.2,3.0,179.9,10.1,Estádio Urbano Caldeira
Corinthians,2019,10,14/07/2019,16:00,Domingo,07,CSA,Vitória,1,0,Mandante,Reway Wagner,29.6,4.1,178.4,9.6,31.1,3.0,182.6,6.8,Neo Química Arena
Corinthians,2019,11,21/07/2019,16:00,Domingo,07,Flamengo,Empate,1,1,Mandante,Leandro Pedro Vuaden,28.9,3.8,177.2,9.7,27.0,3.9,179.3,4.6,Neo Química Arena
Corinthians,2019,12,28/07/2019,19:00,Domingo,07,Fortaleza,Vitória,3,1,Visitante,Wilton Pereira Sampaio,28.4,4.1,180.1,7.5,30.1,4.0,178.5,6.9,Estádio Governador Plácido Castelo
Corinthians,2019,13,04/08/2019,19:00,Domingo,08,Palmeiras,Empate,1,1,Mandante,Anderson Daronco,28.9,3.8,177.2,9.7,29.1,3.3,179.8,6.5,Neo Química Arena
Corinthians,2019,7,07/08/2019,19:15,Quarta,08,Goiás,Vitória,2,0,Mandante,Bruno Arleu de Araujo,27.6,4.7,178.8,8.9,26.8,3.0,178.7,5.8,Neo Química Arena
Corinthians,2019,14,11/08/2019,11:00,Domingo,08,Internacional,Empate,0,0,Visitante,Caio Max Augusto Vieira,28.9,3.8,177.9,9.2,31.4,4.4,180.6,6.5,Estádio Beira-Rio
Corinthians,2019,15,17/08/2019,17:00,Sábado,08,Botafogo,Vitória,2,0,Mandante,Rafael Traci,27.6,4.6,178.7,7.2,27.7,5.1,179.3,5.1,Neo Química Arena
Corinthians,2019,16,25/08/2019,19:00,Domingo,08,Avaí,Empate,1,1,Visitante,Ricardo Marques Ribeiro,28.5,4.6,180.4,8.9,28.1,4.6,181.0,8.4,Estádio da Ressacada
Corinthians,2019,17,01/09/2019,19:00,Domingo,09,Atlético Mineiro,Vitória,1,0,Mandante,Wilton Pereira Sampaio,29.3,4.6,179.2,8.9,29.8,5.0,179.5,7.9,Neo Química Arena
Corinthians,2019,18,07/09/2019,11:00,Sábado,09,Ceará,Empate,2,2,Mandante,Paulo Roberto Alves Junior,29.9,4.1,178.4,8.9,29.3,4.2,180.7,6.7,Neo Química Arena
Corinthians,2019,19,15/09/2019,16:00,Domingo,09,Fluminense,Derrota,0,1,Visitante,Jean Pierre Goncalves Lima,25.7,4.8,179.3,10.1,26.7,5.5,182.5,4.7,Estádio do Maracanã
Corinthians,2019,20,21/09/2019,19:00,Sábado,09,Bahia,Vitória,2,1,Mandante,Dewson Fernando Freitas da Silva,28.5,4.9,177.0,10.1,27.2,4.2,179.1,8.2,Neo Química Arena
Corinthians,2019,22,29/09/2019,11:00,Domingo,09,Vasco da Gama,Vitória,1,0,Mandante,Ricardo Marques Ribeiro,29.3,4.1,177.8,10.0,26.0,5.3,181.0,6.5,Neo Química Arena
Corinthians,2019,21,02/10/2019,19:15,Quarta,10,Chapecoense,Vitória,1,0,Visitante,Daniel Nobre Bins,29.4,4.6,179.2,8.9,29.7,4.6,178.5,5.4,Arena Condá
Corinthians,2019,23,05/10/2019,19:00,Sábado,10,Grêmio,Empate,0,0,Visitante,Bruno Arleu de Araujo,29.0,4.7,177.7,9.6,29.9,5.2,180.3,4.8,Arena do Grêmio
Corinthians,2019,24,10/10/2019,19:15,Quinta,10,Athletico,Empate,2,2,Mandante,Andre Luiz de Freitas Castro,30.2,4.3,178.6,9.3,26.8,3.5,180.1,7.4,Neo Química Arena
Corinthians,2019,25,13/10/2019,18:00,Domingo,10,São Paulo,Derrota,0,1,Visitante,Raphael Claus,29.2,4.4,179.2,9.1,27.0,4.0,179.7,5.3,MorumBIS
Corinthians,2019,26,16/10/2019,21:30,Quarta,10,Goiás,Empate,2,2,Visitante,Wagner do Nascimento Magalhaes,26.0,5.4,179.0,10.7,27.5,3.9,180.0,6.7,Serra Dourada
Corinthians,2019,27,19/10/2019,19:00,Sábado,10,Cruzeiro,Derrota,1,2,Mandante,Bruno Arleu de Araujo,26.4,4.9,177.7,9.3,30.7,5.6,182.1,6.7,Neo Química Arena
Corinthians,2019,28,26/10/2019,17:00,Sábado,10,Santos,Empate,0,0,Mandante,Luiz Flávio de Oliveira,30.3,4.6,181.3,7.0,26.9,3.9,178.9,9.7,Neo Química Arena
Corinthians,2019,29,30/10/2019,21:30,Quarta,10,CSA,Derrota,1,2,Visitante,Rafael Traci,29.0,3.9,179.9,9.8,28.8,4.0,180.5,7.5,Estádio Rei Pelé
Corinthians,2019,30,03/11/2019,16:00,Domingo,11,Flamengo,Derrota,1,4,Visitante,Jean Pierre Goncalves Lima,27.0,5.2,181.0,8.9,27.3,4.6,180.8,6.2,Estádio do Maracanã
Corinthians,2019,31,06/11/2019,19:30,Quarta,11,Fortaleza,Vitória,3,2,Mandante,Caio Max Augusto Vieira,28.2,4.6,178.5,8.2,29.4,3.5,179.2,6.2,Neo Química Arena
Corinthians,2019,32,09/11/2019,19:00,Sábado,11,Palmeiras,Empate,1,1,Visitante,Vinicius Goncalves Dias Araujo,28.7,4.1,177.7,8.8,28.5,1.9,180.2,6.0,Nubank Parque
Corinthians,2019,33,17/11/2019,18:00,Domingo,11,Internacional,Empate,0,0,Mandante,Marcelo de Lima Henrique,29.5,4.6,179.0,10.0,30.2,4.8,179.8,5.3,Neo Química Arena
Corinthians,2019,34,24/11/2019,18:00,Domingo,11,Botafogo,Derrota,0,1,Visitante,Andre Luiz de Freitas Castro,29.4,3.6,179.4,9.4,26.3,5.2,180.0,6.1,Estadio Nilton Santos
Corinthians,2019,35,27/11/2019,21:30,Quarta,11,Avaí,Vitória,3,0,Mandante,Wagner do Nascimento Magalhaes,27.9,4.0,178.3,10.7,27.6,4.3,181.6,8.8,Neo Química Arena
Corinthians,2019,36,01/12/2019,18:00,Domingo,12,Atlético Mineiro,Derrota,1,2,Visitante,Paulo Roberto Alves Junior,27.0,4.3,178.3,10.7,27.7,4.5,180.2,8.9,Arena Independência
Corinthians,2019,37,04/12/2019,19:30,Quarta,12,Ceará,Vitória,1,0,Visitante,Rafael Traci,28.0,4.7,177.9,10.0,29.6,3.2,179.7,7.8,Estádio Governador Plácido Castelo
Corinthians,2019,38,08/12/2019,16:00,Domingo,12,Fluminense,Derrota,1,2,Mandante,Rodrigo D'alonso Ferreira,28.6,5.1,178.5,9.7,25.0,4.9,181.5,4.8,Neo Química Arena
Corinthians,2020,2,12/08/2020,19:15,Quarta,08,Atlético Mineiro,Derrota,2,3,Visitante,Wagner do Nascimento Magalhaes,27.2,4.4,179.5,7.9,25.9,4.6,179.9,7.5,Arena Independência
Corinthians,2020,3,15/08/2020,19:00,Sábado,08,Grêmio,Empate,0,0,Visitante,Bruno Arleu de Araujo,29.2,3.3,180.5,8.3,29.5,5.4,182.2,6.2,Arena do Grêmio
Corinthians,2020,4,19/08/2020,21:30,Quarta,08,Coritiba,Vitória,3,1,Mandante,Braulio Da Silva Machado,29.0,3.5,179.6,9.0,28.2,4.3,179.5,7.2,Neo Química Arena
Corinthians,2020,5,26/08/2020,21:30,Quarta,08,Fortaleza,Empate,1,1,Mandante,Rodolpho Toski Marques,27.7,4.8,181.5,7.6,30.4,4.0,180.5,6.4,Neo Química Arena
Corinthians,2020,6,30/08/2020,11:00,Domingo,08,São Paulo,Derrota,1,2,Visitante,Flavio Rodrigues De Souza,28.4,4.2,180.7,8.6,25.8,4.2,179.5,5.3,MorumBIS
Corinthians,2020,7,02/09/2020,19:15,Quarta,09,Goiás,Vitória,2,1,Visitante,Jose Mendonca da Silva Junior,28.9,4.2,180.1,9.0,27.0,3.4,178.2,7.9,Serra Dourada
Corinthians,2020,8,05/09/2020,19:00,Sábado,09,Botafogo,Empate,2,2,Mandante,Rafael Traci,28.5,4.5,179.5,9.2,27.8,4.9,181.4,6.0,Neo Química Arena
Corinthians,2020,9,10/09/2020,19:15,Quinta,09,Palmeiras,Derrota,0,2,Mandante,Leandro Pedro Vuaden,28.7,4.2,178.0,10.1,26.5,4.4,180.3,4.6,Neo Química Arena
Corinthians,2020,10,13/09/2020,16:00,Domingo,09,Fluminense,Derrota,1,2,Visitante,Braulio Da Silva Machado,27.2,5.0,180.2,9.0,28.2,5.9,179.9,7.0,Estádio do Maracanã
Corinthians,2020,11,16/09/2020,21:30,Quarta,09,Bahia,Vitória,3,2,Mandante,Wagner do Nascimento Magalhaes,26.5,4.9,177.5,8.6,29.2,3.5,178.1,7.1,Neo Química Arena
Corinthians,2020,12,23/09/2020,21:30,Quarta,09,Sport Recife,Derrota,0,1,Visitante,Wilton Pereira Sampaio,27.4,5.2,178.9,9.1,29.7,3.7,181.5,6.8,Ilha do Retiro
Corinthians,2020,1,30/09/2020,21:30,Quarta,09,Atlético Goianiense,Empate,0,0,Mandante,Paulo Roberto Alves Junior,28.1,4.6,181.1,8.0,26.7,2.5,180.8,5.7,Neo Química Arena
Corinthians,2020,13,03/10/2020,21:00,Sábado,10,Red Bull Bragantino,Empate,0,0,Visitante,Edina Alves Batista,28.8,4.1,180.1,9.0,27.5,4.7,180.2,4.8,Estádio Nabi Abi Chedid
Corinthians,2020,14,07/10/2020,19:00,Quarta,10,Santos,Empate,1,1,Mandante,Marcelo de Lima Henrique,27.5,5.3,180.2,8.2,26.1,3.8,181.3,6.0,Neo Química Arena
Corinthians,2020,15,11/10/2020,20:30,Domingo,10,Ceará,Derrota,1,2,Visitante,Anderson Daronco,26.0,5.0,179.0,8.5,30.3,5.5,180.6,7.7,Estádio Governador Plácido Castelo
Corinthians,2020,16,14/10/2020,21:30,Quarta,10,Athletico,Vitória,1,0,Visitante,Savio Pereira Sampaio,26.2,5.4,179.8,7.7,25.3,3.8,179.9,4.6,Arena da Baixada
Corinthians,2020,17,18/10/2020,16:00,Domingo,10,Flamengo,Derrota,1,5,Mandante,Leandro Pedro Vuaden,28.2,5.0,178.7,8.5,26.8,4.7,184.2,7.3,Neo Química Arena
Corinthians,2020,18,21/10/2020,21:30,Quarta,10,Vasco da Gama,Vitória,2,1,Visitante,Caio Max Augusto Vieira,27.4,5.4,178.6,8.6,25.0,5.3,179.9,6.2,Estádio São Januário
Corinthians,2020,19,31/10/2020,19:00,Sábado,10,Internacional,Vitória,1,0,Mandante,Paulo Roberto Alves Junior,28.1,4.9,178.1,9.3,28.8,4.3,180.3,5.1,Neo Química Arena
Corinthians,2020,20,07/11/2020,21:00,Sábado,11,Atlético Goianiense,Empate,1,1,Visitante,Jean Pierre Goncalves Lima,28.7,4.4,177.9,9.1,25.9,2.3,181.5,4.8,Serra Dourada
Corinthians,2020,21,14/11/2020,19:00,Sábado,11,Atlético Mineiro,Derrota,1,2,Mandante,Rodrigo D'alonso Ferreira,27.2,4.4,177.8,8.7,27.4,4.2,178.8,8.1,Neo Química Arena
Corinthians,2020,22,22/11/2020,20:30,Domingo,11,Grêmio,Empate,0,0,Mandante,Caio Max Augusto Vieira,29.5,3.7,179.0,8.6,27.8,5.8,181.9,6.8,Neo Química Arena
Corinthians,2020,23,25/11/2020,21:30,Quarta,11,Coritiba,Vitória,1,0,Visitante,Leandro Pedro Vuaden,27.9,5.7,179.8,7.2,29.1,5.2,180.0,7.3,Estádio Major Antônio Couto Pereira
Corinthians,2020,24,02/12/2020,21:30,Quarta,12,Fortaleza,Empate,0,0,Visitante,Ricardo Marques Ribeiro,29.8,4.1,180.1,9.0,29.5,3.0,179.8,6.2,Estádio Governador Plácido Castelo
Corinthians,2020,25,13/12/2020,18:15,Domingo,12,São Paulo,Vitória,1,0,Mandante,Raphael Claus,29.0,4.0,177.5,9.5,27.9,5.6,180.0,5.1,Neo Química Arena
Corinthians,2020,26,21/12/2020,20:00,Segunda,12,Goiás,Vitória,2,1,Mandante,Bruno Arleu de Araujo,29.6,4.3,177.2,10.3,25.7,5.4,184.5,7.1,Neo Química Arena
Corinthians,2020,27,27/12/2020,16:00,Domingo,12,Botafogo,Vitória,2,0,Visitante,Heber Roberto Lopes,30.2,3.4,176.5,9.4,27.0,5.4,180.4,5.9,Estadio Nilton Santos
Corinthians,2020,29,13/01/2021,21:30,Quarta,01,Fluminense,Vitória,5,0,Mandante,Rafael Traci,29.7,4.0,179.4,9.1,28.5,5.1,180.6,6.6,Neo Química Arena
Corinthians,2020,28,18/01/2021,19:00,Segunda,01,Palmeiras,Derrota,0,4,Visitante,Jean Pierre Goncalves Lima,29.8,4.0,179.4,9.1,27.1,4.8,179.6,5.2,Nubank Parque
Corinthians,2020,31,21/01/2021,21:00,Quinta,01,Sport Recife,Vitória,3,0,Mandante,Anderson Daronco,28.9,4.5,178.2,8.9,29.0,3.7,182.1,5.6,Neo Química Arena
Corinthians,2020,32,25/01/2021,20:00,Segunda,01,Red Bull Bragantino,Derrota,0,2,Mandante,Bruno Arleu de Araujo,29.2,4.7,178.0,9.7,27.1,4.5,179.2,6.3,Neo Química Arena
Corinthians,2020,30,28/01/2021,19:00,Quinta,01,Bahia,Derrota,1,2,Visitante,Ricardo Marques Ribeiro,28.7,4.9,179.7,8.8,28.2,5.2,180.1,7.2,Arena Fonte Nova
Corinthians,2020,34,03/02/2021,21:30,Quarta,02,Ceará,Vitória,2,1,Mandante,Heber Roberto Lopes,28.3,4.6,178.0,9.1,27.7,3.8,181.8,7.3,Neo Química Arena
Corinthians,2020,35,10/02/2021,21:30,Quarta,02,Athletico,Empate,3,3,Mandante,Jean Pierre Goncalves Lima,28.3,4.6,178.0,9.1,26.6,4.7,179.1,5.8,Neo Química Arena
Corinthians,2020,36,14/02/2021,16:00,Domingo,02,Flamengo,Derrota,1,2,Visitante,Rafael Traci,27.6,5.0,178.6,8.8,29.0,4.5,180.7,7.1,Estádio do Maracanã
Corinthians,2020,33,17/02/2021,19:00,Quarta,02,Santos,Derrota,0,1,Visitante,Vinicius Goncalves Dias Araujo,28.4,4.3,179.5,7.7,25.1,5.1,179.7,6.6,Estádio Urbano Caldeira
Corinthians,2020,37,21/02/2021,16:00,Domingo,02,Vasco da Gama,Empate,0,0,Mandante,Anderson Daronco,28.5,4.4,177.5,8.9,27.8,5.8,179.5,6.0,Neo Química Arena
Corinthians,2020,38,25/02/2021,21:30,Quinta,02,Internacional,Empate,0,0,Visitante,Wilton Pereira Sampaio,29.2,4.5,180.1,9.4,25.5,5.2,182.0,5.8,Estádio Beira-Rio
Corinthians,2021,1,30/05/2021,18:15,Domingo,05,Atlético Goianiense,Derrota,0,1,Mandante,Felipe Fernandes de Lima,27.2,4.8,178.5,9.0,27.2,4.1,179.5,7.0,Neo Química Arena
Corinthians,2021,2,06/06/2021,16:00,Domingo,06,América Mineiro,Vitória,1,0,Visitante,Marcelo de Lima Henrique,28.5,4.6,179.1,8.6,29.0,3.7,180.0,6.7,Arena Independência
Corinthians,2021,3,12/06/2021,19:00,Sábado,06,Palmeiras,Empate,1,1,Visitante,Flavio Rodrigues De Souza,28.4,4.7,179.2,8.5,28.9,6.0,179.5,5.4,Nubank Parque
Corinthians,2021,4,16/06/2021,20:30,Quarta,06,Red Bull Bragantino,Derrota,1,2,Mandante,Thiago Luis Scarascati,28.4,4.7,179.2,8.5,25.2,3.7,181.2,6.5,Neo Química Arena
Corinthians,2021,5,20/06/2021,16:00,Domingo,06,Bahia,Empate,0,0,Visitante,Bruno Arleu de Araujo,29.4,4.8,179.8,9.2,26.1,3.7,180.5,6.1,Arena Fonte Nova
Corinthians,2021,6,24/06/2021,19:00,Quinta,06,Sport Recife,Vitória,2,1,Mandante,Paulo Roberto Alves Junior,28.9,5.1,180.1,8.9,25.3,4.0,184.2,7.8,Neo Química Arena
Corinthians,2021,7,27/06/2021,16:00,Domingo,06,Fluminense,Empate,1,1,Visitante,Savio Pereira Sampaio,27.1,5.4,179.4,9.0,26.5,5.0,178.6,7.0,Estádio do Maracanã
Corinthians,2021,8,30/06/2021,21:30,Quarta,06,São Paulo,Empate,0,0,Mandante,Leandro Pedro Vuaden,29.0,5.1,180.1,8.9,29.5,5.3,178.6,5.7,Neo Química Arena
Corinthians,2021,9,03/07/2021,21:00,Sábado,07,Internacional,Empate,1,1,Mandante,Marcelo de Lima Henrique,28.4,5.5,180.4,8.7,24.3,4.8,180.5,5.2,Neo Química Arena
Corinthians,2021,10,08/07/2021,21:00,Quinta,07,Chapecoense,Vitória,1,0,Visitante,Ricardo Marques Ribeiro,29.0,5.1,180.1,8.9,26.7,4.4,182.0,6.8,Arena Condá
Corinthians,2021,11,11/07/2021,20:30,Domingo,07,Fortaleza,Derrota,0,1,Visitante,Caio Max Augusto Vieira,29.0,5.1,180.1,8.9,28.0,3.0,179.5,5.2,Estádio Governador Plácido Castelo
Corinthians,2021,12,17/07/2021,19:00,Sábado,07,Atlético Mineiro,Derrota,1,2,Mandante,Jean Pierre Goncalves Lima,29.1,5.0,180.0,9.0,28.3,3.9,178.7,6.0,Neo Química Arena
Corinthians,2021,13,26/07/2021,20:00,Segunda,07,Cuiabá,Vitória,2,1,Visitante,Ramon Abatti Abel,28.9,5.3,179.6,9.3,29.3,4.4,179.9,7.7,Arena Pantanal
Corinthians,2021,14,01/08/2021,16:00,Domingo,08,Flamengo,Derrota,1,3,Mandante,Leandro Pedro Vuaden,28.9,5.3,179.6,9.3,30.9,4.0,181.1,6.8,Neo Química Arena
Corinthians,2021,15,08/08/2021,16:00,Domingo,08,Santos,Empate,0,0,Visitante,Flavio Rodrigues De Souza,29.2,5.4,178.7,9.5,26.3,5.2,179.4,6.1,Estádio Urbano Caldeira
Corinthians,2021,16,15/08/2021,16:00,Domingo,08,Ceará,Vitória,3,1,Mandante,Rodolpho Toski Marques,29.2,5.4,178.7,9.5,28.5,2.7,181.5,8.1,Neo Química Arena
Corinthians,2021,17,22/08/2021,16:00,Domingo,08,Athletico,Vitória,1,0,Visitante,Wilton Pereira Sampaio,29.2,5.4,178.7,9.5,25.5,4.0,179.0,5.4,Arena da Baixada
Corinthians,2021,18,28/08/2021,21:00,Sábado,08,Grêmio,Vitória,1,0,Visitante,Ricardo Marques Ribeiro,29.0,5.2,179.9,8.8,25.6,4.8,179.3,7.2,Arena do Grêmio
Corinthians,2021,19,07/09/2021,21:30,Terça,09,Juventude,Empate,1,1,Mandante,Ramon Abatti Abel,30.7,4.4,180.7,9.1,27.8,4.7,179.9,6.1,Neo Química Arena
Corinthians,2021,20,12/09/2021,18:15,Domingo,09,Atlético Goianiense,Empate,1,1,Visitante,Antonio Dib Moraes de Sousa,27.3,5.2,178.2,8.4,28.6,3.6,178.9,7.3,Serra Dourada
Corinthians,2021,21,19/09/2021,18:15,Domingo,09,América Mineiro,Empate,1,1,Mandante,Savio Pereira Sampaio,30.3,5.0,180.4,8.6,29.7,3.7,181.4,7.3,Neo Química Arena
Corinthians,2021,22,25/09/2021,19:00,Sábado,09,Palmeiras,Vitória,2,1,Mandante,Raphael Claus,30.1,5.0,181.0,7.8,26.2,5.1,179.9,6.0,Neo Química Arena
Corinthians,2021,23,02/10/2021,19:00,Sábado,10,Red Bull Bragantino,Empate,2,2,Visitante,Flavio Rodrigues De Souza,30.1,5.0,181.0,7.8,24.3,4.3,181.2,7.3,Estádio Nabi Abi Chedid
Corinthians,2021,24,05/10/2021,21:30,Terça,10,Bahia,Vitória,3,1,Mandante,Denis da Silva Ribeiro Serafim,28.8,5.3,180.7,8.0,26.7,4.4,182.1,8.2,Neo Química Arena
Corinthians,2021,25,09/10/2021,16:30,Sábado,10,Sport Recife,Derrota,0,1,Visitante,Savio Pereira Sampaio,30.3,5.1,182.3,7.9,25.1,3.7,181.1,7.8,Arena de Pernambuco
Corinthians,2021,26,13/10/2021,21:00,Quarta,10,Fluminense,Vitória,1,0,Mandante,Marielson Alves Silva,30.2,5.0,181.0,7.8,26.8,4.8,180.5,6.9,Neo Química Arena
Corinthians,2021,27,18/10/2021,20:00,Segunda,10,São Paulo,Derrota,0,1,Visitante,Leandro Pedro Vuaden,28.1,5.8,181.0,7.7,27.0,3.1,180.6,4.5,MorumBIS
Corinthians,2021,28,24/10/2021,16:00,Domingo,10,Internacional,Empate,2,2,Visitante,Bruno Arleu de Araujo,29.2,5.5,180.1,8.4,29.5,4.9,182.5,6.2,Estádio Beira-Rio
Corinthians,2021,29,01/11/2021,21:30,Segunda,11,Chapecoense,Vitória,1,0,Mandante,Paulo Cesar Zanovelli da Silva,27.9,5.8,179.0,7.5,27.4,3.4,182.9,5.5,Neo Química Arena
Corinthians,2021,30,06/11/2021,17:00,Sábado,11,Fortaleza,Vitória,1,0,Mandante,Ramon Abatti Abel,29.3,5.4,179.7,8.5,28.8,3.5,180.8,5.0,Neo Química Arena
Corinthians,2021,31,10/11/2021,19:00,Quarta,11,Atlético Mineiro,Derrota,0,3,Visitante,Braulio Da Silva Machado,29.7,4.9,179.2,9.0,30.1,4.8,179.9,7.4,Governador Magalhães Pinto
Corinthians,2021,32,13/11/2021,21:00,Sábado,11,Cuiabá,Vitória,3,2,Mandante,Rodolpho Toski Marques,29.1,5.4,181.0,8.7,28.5,4.2,181.1,6.0,Neo Química Arena
Corinthians,2021,33,17/11/2021,21:30,Quarta,11,Flamengo,Derrota,0,1,Visitante,Anderson Daronco,30.5,5.1,181.3,8.5,25.7,5.2,181.7,8.0,Estádio do Maracanã
Corinthians,2021,34,21/11/2021,16:00,Domingo,11,Santos,Vitória,2,0,Mandante,Leandro Pedro Vuaden,29.6,5.6,181.3,8.5,25.9,5.3,180.7,5.6,Neo Química Arena
Corinthians,2021,35,25/11/2021,20:00,Quinta,11,Ceará,Derrota,1,2,Visitante,Paulo Roberto Alves Junior,27.8,5.4,180.5,8.6,29.3,4.1,181.8,6.2,Estádio Governador Plácido Castelo
Corinthians,2021,36,28/11/2021,16:00,Domingo,11,Athletico,Vitória,1,0,Mandante,Paulo Cesar Zanovelli da Silva,29.7,5.6,181.3,8.5,26.5,3.7,180.4,4.5,Neo Química Arena
Corinthians,2021,37,05/12/2021,16:00,Domingo,12,Grêmio,Empate,1,1,Mandante,Bruno Arleu de Araujo,30.1,5.5,182.3,7.4,29.0,5.7,180.8,6.8,Neo Química Arena
Corinthians,2021,38,09/12/2021,21:30,Quinta,12,Juventude,Derrota,0,1,Visitante,Rodolpho Toski Marques,28.0,5.6,178.6,9.4,26.5,3.8,178.6,6.5,Estádio Alfredo Jaconi
Corinthians,2022,1,10/04/2022,16:00,Domingo,04,Botafogo,Vitória,3,1,Visitante,Wilton Pereira Sampaio,26.3,5.0,180.5,6.7,27.1,3.4,180.5,6.3,Estádio Nilton Santos
Corinthians,2022,2,16/04/2022,19:00,Sábado,04,Avaí,Vitória,3,0,Mandante,Bruno Arleu de Araujo,26.7,5.2,179.8,7.7,30.2,4.8,180.0,6.8,Neo Química Arena
Corinthians,2022,3,23/04/2022,19:00,Sábado,04,Palmeiras,Derrota,0,3,Visitante,Anderson Daronco,25.3,4.8,179.1,5.9,27.2,4.4,178.1,7.1,Nubank Parque
Corinthians,2022,4,01/05/2022,16:00,Domingo,05,Fortaleza,Vitória,1,0,Mandante,Savio Pereira Sampaio,30.0,5.1,181.3,7.2,26.8,3.5,179.3,4.8,Neo Química Arena
Corinthians,2022,5,08/05/2022,18:00,Domingo,05,Red Bull Bragantino,Vitória,1,0,Visitante,Raphael Claus,28.6,5.0,181.7,7.5,22.6,2.6,181.1,6.9,Estádio Nabi Abi Chedid
Corinthians,2022,6,14/05/2022,19:00,Sábado,05,Internacional,Empate,2,2,Visitante,Braulio Da Silva Machado,28.3,5.2,181.1,7.7,28.8,3.3,178.5,5.8,Estádio Beira-Rio
Corinthians,2022,7,22/05/2022,16:00,Domingo,05,São Paulo,Empate,1,1,Mandante,Wilton Pereira Sampaio,29.5,6.1,182.8,7.5,27.1,3.3,180.3,4.7,Neo Química Arena
Corinthians,2022,8,29/05/2022,18:00,Domingo,05,América Mineiro,Empate,1,1,Mandante,Anderson Daronco,30.1,5.5,180.7,7.7,30.2,6.1,180.6,7.2,Neo Química Arena
Corinthians,2022,9,04/06/2022,20:30,Sábado,06,Atlético Goianiense,Vitória,1,0,Visitante,Bruno Arleu de Araujo,28.2,6.1,180.2,7.6,27.4,3.2,181.7,5.6,Estádio Antônio Accioly
Corinthians,2022,10,07/06/2022,21:30,Terça,06,Cuiabá,Derrota,0,1,Visitante,Marcelo de Lima Henrique,26.5,4.8,181.1,8.1,28.8,3.8,180.5,6.0,Arena Pantanal
Corinthians,2022,11,11/06/2022,16:30,Sábado,06,Juventude,Vitória,2,0,Mandante,Ramon Abatti Abel,29.8,5.5,180.1,8.3,28.3,3.2,180.8,6.0,Neo Química Arena
Corinthians,2022,12,15/06/2022,21:30,Quarta,06,Athletico,Empate,1,1,Visitante,Leandro Pedro Vuaden,27.3,5.5,179.9,7.9,25.1,3.0,181.3,4.7,Arena da Baixada
Corinthians,2022,13,19/06/2022,16:00,Domingo,06,Goiás,Vitória,1,0,Mandante,Braulio Da Silva Machado,28.3,5.8,181.0,7.9,25.8,3.8,180.5,8.7,Neo Química Arena
Corinthians,2022,14,25/06/2022,19:00,Sábado,06,Santos,Empate,0,0,Mandante,Flavio Rodrigues De Souza,25.1,5.9,180.0,7.8,25.7,4.1,180.6,7.3,Neo Química Arena
Corinthians,2022,15,02/07/2022,16:30,Sábado,07,Fluminense,Derrota,0,4,Visitante,Wilton Pereira Sampaio,25.1,5.9,181.9,5.8,28.0,6.8,179.0,6.7,Estádio do Maracanã
Corinthians,2022,16,10/07/2022,16:00,Domingo,07,Flamengo,Vitória,1,0,Mandante,Ramon Abatti Abel,28.2,5.5,179.9,8.1,25.5,4.4,181.5,5.0,Neo Química Arena
Corinthians,2022,17,16/07/2022,21:00,Sábado,07,Ceará,Derrota,1,3,Visitante,Leandro Pedro Vuaden,26.7,5.4,179.7,7.3,30.5,3.2,181.8,9.2,Estádio Governador Plácido Castelo
Corinthians,2022,18,20/07/2022,21:30,Quarta,07,Coritiba,Vitória,3,1,Mandante,Wagner do Nascimento Magalhaes,27.4,5.0,181.1,7.4,29.8,5.1,179.3,7.5,Neo Química Arena
Corinthians,2022,19,24/07/2022,18:00,Domingo,07,Atlético Mineiro,Vitória,2,1,Visitante,Ramon Abatti Abel,27.7,5.5,179.2,9.8,29.9,4.0,179.8,6.8,Governador Magalhães Pinto
Corinthians,2022,20,30/07/2022,19:00,Sábado,07,Botafogo,Vitória,1,0,Mandante,Jean Pierre Goncalves Lima,27.3,5.5,179.9,7.6,27.1,4.3,181.1,5.9,Neo Química Arena
Corinthians,2022,21,06/08/2022,19:00,Sábado,08,Avaí,Empate,1,1,Visitante,Wilton Pereira Sampaio,29.3,4.9,179.9,8.2,30.3,4.5,180.3,5.8,Estádio da Ressacada
Corinthians,2022,22,13/08/2022,19:00,Sábado,08,Palmeiras,Derrota,0,1,Mandante,Raphael Claus,26.4,4.8,180.5,7.5,27.3,3.8,179.4,7.6,Neo Química Arena
Corinthians,2022,23,21/08/2022,18:00,Domingo,08,Fortaleza,Derrota,0,1,Visitante,Leandro Pedro Vuaden,25.7,4.6,179.2,7.9,28.5,5.0,179.2,6.8,Estádio Governador Plácido Castelo
Corinthians,2022,24,29/08/2022,21:30,Segunda,08,Red Bull Bragantino,Vitória,1,0,Mandante,Wilton Pereira Sampaio,28.0,5.5,180.9,8.4,25.6,3.1,179.8,7.0,Neo Química Arena
Corinthians,2022,25,04/09/2022,16:00,Domingo,09,Internacional,Empate,2,2,Mandante,Braulio Da Silva Machado,29.8,5.2,179.5,9.1,27.1,4.3,178.1,6.4,Neo Química Arena
Corinthians,2022,26,11/09/2022,16:00,Domingo,09,São Paulo,Empate,1,1,Visitante,Marcelo de Lima Henrique,26.9,5.2,181.2,7.9,27.7,6.7,182.3,6.1,MorumBIS
Corinthians,2022,27,18/09/2022,18:00,Domingo,09,América Mineiro,Derrota,0,1,Visitante,Bruno Arleu de Araujo,24.8,4.6,179.5,7.0,30.9,3.5,179.3,8.2,Arena Independência
Corinthians,2022,28,28/09/2022,19:00,Quarta,09,Atlético Goianiense,Vitória,2,1,Mandante,Leandro Pedro Vuaden,28.8,6.0,180.8,8.1,27.8,3.6,180.4,5.4,Neo Química Arena
Corinthians,2022,29,01/10/2022,21:00,Sábado,10,Cuiabá,Vitória,2,0,Mandante,Caio Max Augusto Vieira,26.8,5.4,180.8,7.9,28.6,3.8,182.1,4.6,Neo Química Arena
Corinthians,2022,30,04/10/2022,21:30,Terça,10,Juventude,Empate,2,2,Visitante,Wagner do Nascimento Magalhaes,28.8,5.8,181.8,7.8,27.5,4.1,177.9,6.8,Estádio Alfredo Jaconi
Corinthians,2022,31,08/10/2022,21:00,Sábado,10,Athletico,Vitória,2,1,Mandante,Anderson Daronco,26.0,4.6,179.1,10.3,24.3,2.7,179.8,4.9,Neo Química Arena
Corinthians,2022,33,22/10/2022,19:00,Sábado,10,Santos,Vitória,1,0,Visitante,Flavio Rodrigues De Souza,26.2,4.8,179.8,7.7,25.4,4.4,182.2,5.3,Estádio Urbano Caldeira
Corinthians,2022,34,26/10/2022,21:45,Quarta,10,Fluminense,Derrota,0,2,Mandante,Leandro Pedro Vuaden,29.9,5.4,180.5,8.5,28.8,6.5,177.4,7.0,Neo Química Arena
Corinthians,2022,32,29/10/2022,19:30,Sábado,10,Goiás,Empate,0,0,Visitante,Paulo Cesar Zanovelli da Silva,25.9,5.5,181.5,7.1,26.1,2.7,181.1,8.2,Estádio da Serrinha
Corinthians,2022,35,02/11/2022,21:30,Quarta,11,Flamengo,Vitória,2,1,Visitante,Ramon Abatti Abel,26.9,5.8,181.5,6.6,26.3,5.2,182.5,8.6,Estádio do Maracanã
Corinthians,2022,36,05/11/2022,20:30,Sábado,11,Ceará,Vitória,1,0,Mandante,Bruno Arleu de Araujo,27.4,6.1,179.9,8.7,30.5,4.8,180.8,8.1,Neo Química Arena
Corinthians,2022,37,09/11/2022,19:00,Quarta,11,Coritiba,Empate,2,2,Visitante,Marcelo de Lima Henrique,26.7,5.0,181.2,7.7,26.8,4.2,183.1,9.0,Estádio Major Antônio Couto Pereira
Corinthians,2022,38,13/11/2022,16:00,Domingo,11,Atlético Mineiro,Derrota,0,1,Mandante,Braulio Da Silva Machado,28.1,6.1,179.9,8.5,31.4,3.9,179.5,7.1,Neo Química Arena
Corinthians,2023,1,16/04/2023,16:00,Domingo,04,Cruzeiro,Vitória,2,1,Mandante,Anderson Daronco,27.6,5.5,180.0,7.9,28.7,3.3,179.7,6.8,Neo Química Arena
Corinthians,2023,2,23/04/2023,19:00,Domingo,04,Goiás,Derrota,1,3,Visitante,Bruno Arleu de Araujo,28.6,6.0,182.3,6.9,27.9,3.2,180.7,5.4,Estádio da Serrinha
Corinthians,2023,3,29/04/2023,18:30,Sábado,04,Palmeiras,Derrota,1,2,Visitante,Wilton Pereira Sampaio,26.3,5.2,179.8,7.5,28.3,3.4,177.5,7.7,Nubank Parque
Corinthians,2023,4,08/05/2023,20:00,Segunda,05,Fortaleza,Empate,1,1,Mandante,Ramon Abatti Abel,27.2,7.0,178.8,8.1,29.9,5.0,179.1,5.3,Neo Química Arena
Corinthians,2023,5,11/05/2023,19:30,Quinta,05,Botafogo,Derrota,0,3,Visitante,Anderson Daronco,27.9,6.3,179.5,7.7,30.0,3.1,184.2,5.8,Estádio Nilton Santos
Corinthians,2023,6,14/05/2023,16:00,Domingo,05,São Paulo,Empate,1,1,Mandante,Bruno Arleu de Araujo,27.2,6.1,179.9,7.7,28.3,5.1,180.2,6.5,Neo Química Arena
Corinthians,2023,7,21/05/2023,16:00,Domingo,05,Flamengo,Derrota,0,1,Visitante,Rafael Rodrigo Klein,26.9,5.5,181.4,6.9,26.0,3.8,184.1,4.5,Estádio do Maracanã
Corinthians,2023,8,28/05/2023,16:00,Domingo,05,Fluminense,Vitória,2,0,Mandante,Leandro Pedro Vuaden,25.9,5.0,180.7,7.2,30.1,6.8,178.3,6.8,Neo Química Arena
Corinthians,2023,9,03/06/2023,18:30,Sábado,06,América Mineiro,Derrota,0,2,Visitante,Anderson Daronco,27.0,5.7,180.0,6.8,30.1,5.4,180.8,5.6,Arena Independência
Corinthians,2023,10,10/06/2023,18:30,Sábado,06,Cuiabá,Empate,1,1,Mandante,Andre Luiz Skettino Policarpo Bento,26.2,6.4,180.7,7.5,27.9,4.8,182.1,5.1,Neo Química Arena
Corinthians,2023,11,21/06/2023,20:00,Quarta,06,Santos,Vitória,2,0,Visitante,Leandro Pedro Vuaden,26.9,5.5,179.2,7.9,27.3,3.2,177.1,8.9,Estádio Urbano Caldeira
Corinthians,2023,12,24/06/2023,16:00,Sábado,06,Athletico,Derrota,0,1,Visitante,Wagner do Nascimento Magalhaes,26.0,5.1,180.6,7.2,26.7,5.4,180.8,5.3,Arena da Baixada
Corinthians,2023,13,02/07/2023,11:00,Domingo,07,Red Bull Bragantino,Derrota,0,1,Mandante,Edina Alves Batista,26.1,6.2,180.0,7.9,25.7,3.7,182.1,7.4,Neo Química Arena
Corinthians,2023,14,08/07/2023,18:30,Sábado,07,Atlético Mineiro,Vitória,1,0,Visitante,Rodrigo Jose Pereira de Lima,27.5,6.8,182.2,6.8,29.9,4.3,180.8,6.7,Governador Magalhães Pinto
Corinthians,2023,16,22/07/2023,18:30,Sábado,07,Bahia,Empate,0,0,Visitante,Andre Luiz Skettino Policarpo Bento,30.1,6.2,181.6,7.2,27.2,2.7,181.5,5.8,Arena Fonte Nova
Corinthians,2023,17,29/07/2023,18:30,Sábado,07,Vasco da Gama,Vitória,3,1,Mandante,Leandro Pedro Vuaden,28.6,6.0,182.1,6.6,26.3,3.9,181.3,5.0,Neo Química Arena
Corinthians,2023,18,05/08/2023,18:30,Sábado,08,Internacional,Empate,2,2,Visitante,Wagner do Nascimento Magalhaes,28.6,6.9,179.6,7.9,28.3,5.2,181.1,5.5,Estádio Beira-Rio
Corinthians,2023,19,13/08/2023,16:00,Domingo,08,Coritiba,Vitória,3,1,Mandante,Ramon Abatti Abel,28.5,7.1,180.7,7.8,28.9,4.2,182.7,7.2,Neo Química Arena
Corinthians,2023,20,19/08/2023,21:00,Sábado,08,Cruzeiro,Empate,1,1,Visitante,Rafael Rodrigo Klein,24.8,5.8,181.6,6.9,28.5,3.3,181.2,4.7,Governador Magalhães Pinto
Corinthians,2023,21,26/08/2023,21:00,Sábado,08,Goiás,Empate,1,1,Mandante,Paulo Cesar Zanovelli da Silva,25.4,5.8,180.8,6.6,28.3,3.0,181.1,6.7,Neo Química Arena
Corinthians,2023,22,03/09/2023,16:00,Domingo,09,Palmeiras,Empate,0,0,Mandante,Anderson Daronco,28.1,6.8,182.9,6.4,28.9,3.8,178.3,7.0,Neo Química Arena
Corinthians,2023,23,14/09/2023,19:00,Quinta,09,Fortaleza,Derrota,1,2,Visitante,Rodrigo Jose Pereira de Lima,25.4,6.5,180.8,7.6,30.7,3.1,178.3,5.2,Estádio Governador Plácido Castelo
Corinthians,2023,15,18/09/2023,21:00,Segunda,09,Grêmio,Empate,4,4,Mandante,Wilton Pereira Sampaio,28.1,6.9,180.9,7.5,29.8,3.9,181.1,5.6,Neo Química Arena
Corinthians,2023,24,22/09/2023,20:00,Sexta,09,Botafogo,Vitória,1,0,Mandante,Paulo Cesar Zanovelli da Silva,25.5,6.2,182.1,7.4,29.8,4.0,182.5,6.2,Neo Química Arena
Corinthians,2023,25,30/09/2023,18:30,Sábado,09,São Paulo,Derrota,1,2,Visitante,Flavio Rodrigues De Souza,28.3,5.2,180.5,8.0,28.1,5.4,179.0,6.5,MorumBIS
Corinthians,2023,26,07/10/2023,21:00,Sábado,10,Flamengo,Empate,1,1,Mandante,Anderson Daronco,28.4,7.0,184.1,5.5,27.8,3.6,184.4,6.0,Neo Química Arena
Corinthians,2023,27,19/10/2023,21:30,Quinta,10,Fluminense,Empate,3,3,Visitante,Paulo Cesar Zanovelli da Silva,28.8,6.7,179.3,8.0,32.4,6.4,178.2,5.8,Estádio do Maracanã
Corinthians,2023,28,22/10/2023,18:30,Domingo,10,América Mineiro,Empate,1,1,Mandante,Yuri Elino Ferreira Da Cruz,27.4,6.9,181.3,8.4,30.3,4.3,180.3,7.7,Neo Química Arena
Corinthians,2023,29,25/10/2023,21:30,Quarta,10,Cuiabá,Vitória,1,0,Visitante,Andre Luiz Skettino Policarpo Bento,30.6,5.5,182.7,6.6,28.2,4.1,183.1,6.1,Arena Pantanal
Corinthians,2023,30,29/10/2023,18:30,Domingo,10,Santos,Empate,1,1,Mandante,Anderson Daronco,31.5,5.2,181.3,7.8,28.0,4.1,178.7,8.1,Neo Química Arena
Corinthians,2023,31,01/11/2023,19:00,Quarta,11,Athletico,Vitória,1,0,Mandante,Leandro Pedro Vuaden,29.8,6.0,181.0,8.3,27.4,5.3,181.6,4.5,Neo Química Arena
Corinthians,2023,32,05/11/2023,16:00,Domingo,11,Red Bull Bragantino,Derrota,0,1,Visitante,Raphael Claus,30.4,5.4,180.5,7.5,25.3,3.0,179.8,5.3,Estádio Nabi Abi Chedid
Corinthians,2023,33,09/11/2023,19:00,Quinta,11,Atlético Mineiro,Empate,1,1,Mandante,Braulio Da Silva Machado,30.1,6.3,183.1,6.6,27.6,3.0,178.5,6.6,Neo Química Arena
Corinthians,2023,34,12/11/2023,16:00,Domingo,11,Grêmio,Vitória,1,0,Visitante,Rodrigo Jose Pereira de Lima,28.9,5.5,179.8,7.6,28.7,4.6,180.1,4.7,Arena do Grêmio
Corinthians,2023,35,24/11/2023,21:00,Sexta,11,Bahia,Derrota,1,5,Mandante,Marcelo de Lima Henrique,31.7,5.1,180.5,8.3,27.6,2.8,179.8,6.4,Neo Química Arena
Corinthians,2023,36,28/11/2023,21:30,Terça,11,Vasco da Gama,Vitória,4,2,Visitante,Savio Pereira Sampaio,30.0,6.2,180.8,7.3,28.9,4.8,180.0,5.9,Estádio São Januário
Corinthians,2023,37,02/12/2023,18:00,Sábado,12,Internacional,Derrota,1,2,Mandante,Caio Max Augusto Vieira,30.9,6.5,181.7,7.9,30.5,4.5,177.4,6.2,Neo Química Arena
Corinthians,2023,38,06/12/2023,21:30,Quarta,12,Coritiba,Vitória,2,0,Visitante,Jonathan Benkenstein Pinheiro,26.8,5.2,180.8,9.5,24.6,4.5,179.3,7.6,Estádio Major Antônio Couto Pereira
Corinthians,2024,1,14/04/2024,16:00,Domingo,04,Atlético Mineiro,Empate,0,0,Mandante,Yuri Elino Ferreira Da Cruz,28.0,5.0,182.1,7.8,29.7,4.0,180.5,6.4,Neo Química Arena
Corinthians,2024,2,17/04/2024,20:00,Quarta,04,Juventude,Derrota,0,2,Visitante,Bruno Arleu de Araujo,28.7,4.9,181.1,8.5,29.5,4.9,181.3,7.3,Estádio Alfredo Jaconi
Corinthians,2024,3,20/04/2024,18:30,Sábado,04,Red Bull Bragantino,Derrota,0,1,Visitante,Rafael Rodrigo Klein,28.2,4.0,181.7,7.8,24.0,3.4,179.3,6.2,Estádio Nabi Abi Chedid
Corinthians,2024,4,28/04/2024,16:00,Domingo,04,Fluminense,Vitória,3,0,Mandante,Ramon Abatti Abel,27.0,4.9,181.5,8.7,31.7,7.1,178.4,5.3,Neo Química Arena
Corinthians,2024,5,04/05/2024,21:00,Sábado,05,Fortaleza,Empate,0,0,Mandante,Felipe Fernandes de Lima,26.4,4.4,180.5,9.4,30.4,3.6,179.0,4.9,Neo Química Arena
Corinthians,2024,6,11/05/2024,16:00,Sábado,05,Flamengo,Derrota,0,2,Visitante,Ramon Abatti Abel,27.6,5.3,182.6,9.5,27.0,3.1,181.0,8.8,Estádio do Maracanã
Corinthians,2024,7,01/06/2024,21:00,Sábado,06,Botafogo,Derrota,0,1,Mandante,Anderson Daronco,25.1,3.5,181.5,8.9,28.4,4.2,181.8,7.5,Neo Química Arena
Corinthians,2024,8,11/06/2024,19:00,Terça,06,Atlético Goianiense,Empate,2,2,Visitante,Paulo Cesar Zanovelli da Silva,25.5,3.9,182.2,9.6,26.7,2.7,184.7,7.0,Estádio Antônio Accioly
Corinthians,2024,9,16/06/2024,16:00,Domingo,06,São Paulo,Empate,2,2,Mandante,Ramon Abatti Abel,24.9,3.5,181.1,9.3,29.5,4.0,179.0,6.2,Neo Química Arena
Corinthians,2024,10,19/06/2024,21:30,Quarta,06,Internacional,Derrota,0,1,Visitante,Wagner do Nascimento Magalhaes,25.2,4.0,180.6,7.0,29.5,5.5,180.5,6.9,Orlando Scarpelli
Corinthians,2024,11,23/06/2024,16:00,Domingo,06,Athletico,Empate,1,1,Visitante,Felipe Fernandes de Lima,24.2,3.2,180.8,5.8,28.6,5.5,182.0,6.7,Arena da Baixada
Corinthians,2024,12,26/06/2024,20:00,Quarta,06,Cuiabá,Empate,1,1,Mandante,Fabio Augusto Santos Sa Junior,24.3,3.7,180.2,4.7,28.8,4.1,181.5,6.5,Neo Química Arena
Corinthians,2024,13,01/07/2024,20:00,Segunda,07,Palmeiras,Derrota,0,2,Visitante,Anderson Daronco,24.2,3.8,182.5,5.5,25.9,6.1,180.8,5.3,Nubank Parque
Corinthians,2024,14,04/07/2024,20:00,Quinta,07,Vitória,Vitória,3,2,Mandante,Gustavo Ervino Bauermann,26.5,4.3,180.6,7.0,26.9,2.5,178.5,7.3,Neo Química Arena
Corinthians,2024,15,07/07/2024,16:00,Domingo,07,Cruzeiro,Derrota,0,3,Visitante,Alex Gomes Stefano,24.9,3.6,180.5,5.0,27.4,2.7,177.5,6.0,Governador Magalhães Pinto
Corinthians,2024,16,10/07/2024,19:00,Quarta,07,Vasco da Gama,Derrota,0,2,Visitante,Rafael Rodrigo Klein,25.2,4.1,179.5,6.0,27.7,4.5,181.2,6.0,Estádio São Januário
Corinthians,2024,17,16/07/2024,21:00,Terça,07,Criciúma,Vitória,2,1,Mandante,Jonathan Benkenstein Pinheiro,26.4,3.5,182.6,7.9,30.5,4.4,180.5,7.1,Neo Química Arena
Corinthians,2024,18,21/07/2024,16:00,Domingo,07,Bahia,Vitória,1,0,Visitante,Felipe Fernandes de Lima,26.7,3.4,180.8,7.8,29.7,3.7,180.2,5.2,Arena Fonte Nova
Corinthians,2024,19,25/07/2024,20:00,Quinta,07,Grêmio,Empate,2,2,Mandante,Alex Gomes Stefano,26.5,3.3,181.0,7.9,31.5,3.2,178.0,7.6,Neo Química Arena
Corinthians,2024,20,28/07/2024,19:00,Domingo,07,Atlético Mineiro,Derrota,1,2,Visitante,Bruno Arleu de Araujo,27.9,3.9,180.5,8.2,29.2,4.2,180.1,8.0,Arena MRV
Corinthians,2024,21,04/08/2024,16:00,Domingo,08,Juventude,Empate,1,1,Mandante,Lucas Paulo Torezin,27.6,4.5,180.8,8.1,28.5,3.5,181.0,8.0,Neo Química Arena
Corinthians,2024,22,10/08/2024,21:30,Sábado,08,Red Bull Bragantino,Empate,1,1,Mandante,Felipe Fernandes de Lima,27.9,4.9,179.6,8.0,24.9,2.8,182.3,5.2,Neo Química Arena
Corinthians,2024,23,17/08/2024,21:00,Sábado,08,Fluminense,Empate,0,0,Visitante,Braulio Da Silva Machado,26.0,3.0,182.2,8.9,26.9,8.5,180.5,6.6,Estádio do Maracanã
Corinthians,2024,24,25/08/2024,16:00,Domingo,08,Fortaleza,Derrota,0,1,Visitante,Felipe Fernandes de Lima,26.0,3.0,182.2,8.9,30.2,3.5,179.5,5.2,Estádio Governador Plácido Castelo
Corinthians,2024,25,01/09/2024,16:00,Domingo,09,Flamengo,Vitória,2,1,Mandante,Ramon Abatti Abel,28.0,3.5,181.5,8.3,29.9,3.0,184.4,6.6,Neo Química Arena
Corinthians,2024,26,14/09/2024,21:00,Sábado,09,Botafogo,Derrota,1,2,Visitante,Anderson Daronco,27.6,3.4,181.7,8.6,28.1,3.8,181.4,8.1,Estádio Nilton Santos
Corinthians,2024,27,21/09/2024,16:00,Sábado,09,Atlético Goianiense,Vitória,3,0,Mandante,Bruno Arleu de Araujo,27.6,4.2,181.5,9.1,27.3,3.0,182.7,7.7,Neo Química Arena
Corinthians,2024,28,29/09/2024,16:00,Domingo,09,São Paulo,Derrota,1,3,Visitante,Rafael Rodrigo Klein,27.7,4.3,180.3,8.0,31.5,4.8,179.8,7.0,Arena BRB Mané Garrincha
Corinthians,2024,29,05/10/2024,19:00,Sábado,10,Internacional,Empate,2,2,Mandante,Lucas Paulo Torezin,26.9,3.9,181.0,8.6,26.5,4.9,178.5,6.7,Neo Química Arena
Corinthians,2024,30,17/10/2024,20:00,Quinta,10,Athletico,Vitória,5,2,Mandante,Wilton Pereira Sampaio,27.1,4.0,179.8,7.4,27.2,4.9,180.6,6.1,Neo Química Arena
Corinthians,2024,31,28/10/2024,19:00,Segunda,10,Cuiabá,Vitória,1,0,Visitante,Bruno Arleu de Araujo,26.4,3.5,181.0,8.2,29.7,3.8,180.5,6.1,Arena Pantanal
Corinthians,2024,32,04/11/2024,20:00,Segunda,11,Palmeiras,Vitória,2,0,Mandante,Wilton Pereira Sampaio,28.2,2.9,182.3,8.2,27.4,6.0,181.5,5.2,Neo Química Arena
Corinthians,2024,33,09/11/2024,16:30,Sábado,11,Vitória,Vitória,2,1,Visitante,Bruno Arleu de Araujo,29.0,3.4,181.4,9.1,27.1,2.3,178.0,7.6,Estádio Manoel Barradas
Corinthians,2024,34,20/11/2024,11:00,Quarta,11,Cruzeiro,Vitória,2,1,Mandante,Jonathan Benkenstein Pinheiro,27.5,4.1,181.4,8.5,25.9,3.5,178.1,7.2,Neo Química Arena
Corinthians,2024,35,24/11/2024,16:00,Domingo,11,Vasco da Gama,Vitória,3,1,Mandante,Davi de Oliveira Lacerda,27.5,4.4,181.7,8.5,28.5,4.7,179.8,5.7,Neo Química Arena
Corinthians,2024,36,30/11/2024,19:30,Sábado,11,Criciúma,Vitória,4,2,Visitante,Anderson Daronco,27.5,4.1,181.4,8.5,30.5,3.7,181.9,5.5,Estádio Heriberto Hülse
Corinthians,2024,37,03/12/2024,20:00,Terça,12,Bahia,Vitória,3,0,Mandante,Bruno Arleu de Araujo,27.5,4.1,181.4,8.5,27.8,3.9,179.5,6.0,Neo Química Arena
Corinthians,2024,38,08/12/2024,16:00,Domingo,12,Grêmio,Vitória,3,0,Visitante,Paulo Cesar Zanovelli da Silva,27.0,3.9,180.5,7.5,31.3,4.0,179.3,10.2,Arena do Grêmio
Corinthians,2025,1,30/03/2025,20:00,Domingo,03,Bahia,Empate,1,1,Visitante,Bruno Arleu de Araujo,26.2,4.3,181.3,3.6,27.5,3.9,179.1,6.7,Arena Fonte Nova
Corinthians,2025,2,05/04/2025,18:30,Sábado,04,Vasco da Gama,Vitória,3,0,Mandante,Anderson Daronco,27.7,4.4,179.2,5.9,27.4,5.0,181.3,4.5,Neo Química Arena
Corinthians,2025,3,12/04/2025,18:30,Sábado,04,Palmeiras,Derrota,0,2,Visitante,Rafael Rodrigo Klein,27.3,4.2,179.6,5.0,26.6,5.2,182.5,5.8,Nubank Parque
Corinthians,2025,4,16/04/2025,19:30,Quarta,04,Fluminense,Derrota,0,2,Mandante,Rodrigo Jose Pereira de Lima,28.1,4.3,182.2,6.2,30.1,6.4,178.8,7.6,Neo Química Arena
Corinthians,2025,5,19/04/2025,16:00,Sábado,04,Sport Recife,Vitória,2,1,Mandante,Anderson Daronco,27.8,4.7,182.9,5.3,26.7,3.1,182.0,4.7,Neo Química Arena
Corinthians,2025,6,27/04/2025,16:00,Domingo,04,Flamengo,Derrota,0,4,Visitante,Ramon Abatti Abel,28.9,4.3,182.8,7.7,28.4,2.4,181.6,7.7,Estádio do Maracanã
Corinthians,2025,7,03/05/2025,18:30,Sábado,05,Internacional,Vitória,4,2,Mandante,Paulo Cesar Zanovelli da Silva,29.0,3.4,181.2,6.8,28.7,5.6,179.7,6.1,Neo Química Arena
Corinthians,2025,8,10/05/2025,18:30,Sábado,05,Mirassol,Derrota,1,2,Visitante,Joao Vitor Gobi,28.2,3.6,180.7,8.0,30.6,3.8,180.5,6.2,Estádio José Maria de Campos Maia
Corinthians,2025,9,18/05/2025,16:00,Domingo,05,Santos,Vitória,1,0,Mandante,Raphael Claus,28.6,4.1,182.0,7.2,29.4,3.9,177.7,9.0,Neo Química Arena
Corinthians,2025,10,24/05/2025,21:00,Sábado,05,Atlético Mineiro,Empate,0,0,Visitante,Rafael Rodrigo Klein,26.6,3.7,181.5,8.6,29.4,5.1,178.5,8.6,Arena MRV
Corinthians,2025,11,01/06/2025,18:30,Domingo,06,Vitória,Empate,0,0,Mandante,Felipe Fernandes de Lima,27.0,3.5,180.8,7.5,26.7,1.4,182.7,6.0,Neo Química Arena
Corinthians,2025,12,12/06/2025,20:00,Quinta,06,Grêmio,Empate,1,1,Visitante,Davi de Oliveira Lacerda,26.6,3.8,180.5,7.9,28.0,4.8,180.3,6.9,Arena do Grêmio
Corinthians,2025,13,13/07/2025,19:00,Domingo,07,Red Bull Bragantino,Derrota,1,2,Mandante,Bruno Arleu de Araujo,29.2,3.1,180.9,8.7,27.0,3.7,178.2,6.8,Neo Química Arena
Corinthians,2025,14,16/07/2025,19:30,Quarta,07,Ceará,Vitória,1,0,Visitante,Paulo Cesar Zanovelli da Silva,26.0,4.1,180.7,7.6,29.5,3.0,180.2,7.1,Estádio Governador Plácido Castelo
Corinthians,2025,15,19/07/2025,21:00,Sábado,07,São Paulo,Derrota,0,2,Visitante,Anderson Daronco,28.9,3.9,180.7,7.2,30.4,3.9,180.5,7.0,MorumBIS
Corinthians,2025,16,23/07/2025,19:30,Quarta,07,Cruzeiro,Empate,0,0,Mandante,Alex Gomes Stefano,27.8,3.9,181.6,8.8,29.4,4.3,179.2,7.9,Neo Química Arena
Corinthians,2025,17,26/07/2025,18:30,Sábado,07,Botafogo,Empate,1,1,Visitante,Rodrigo Jose Pereira de Lima,26.8,4.7,184.7,6.2,27.4,5.0,184.0,7.6,Estádio Nilton Santos
Corinthians,2025,18,03/08/2025,16:00,Domingo,08,Fortaleza,Empate,1,1,Mandante,Felipe Fernandes de Lima,26.5,4.9,182.5,7.9,29.5,4.8,180.4,7.6,Neo Química Arena
Corinthians,2025,19,11/08/2025,20:00,Segunda,08,Juventude,Derrota,1,2,Visitante,Lucas Casagrande,27.2,3.8,182.0,8.5,28.7,5.0,180.6,8.0,Estádio Alfredo Jaconi
Corinthians,2025,20,16/08/2025,21:00,Sábado,08,Bahia,Derrota,1,2,Mandante,Paulo Cesar Zanovelli da Silva,26.5,4.7,181.0,8.5,28.2,3.4,181.5,7.0,Neo Química Arena
Corinthians,2025,21,24/08/2025,16:00,Domingo,08,Vasco da Gama,Vitória,3,2,Visitante,Rodrigo Jose Pereira de Lima,26.4,4.5,182.0,8.4,28.0,4.0,179.1,5.0,Estádio São Januário
Corinthians,2025,22,31/08/2025,18:30,Domingo,08,Palmeiras,Empate,1,1,Mandante,Ramon Abatti Abel,28.0,4.5,183.2,7.7,28.0,4.6,180.9,5.7,Neo Química Arena
Corinthians,2025,23,13/09/2025,21:00,Sábado,09,Fluminense,Vitória,1,0,Visitante,Felipe Fernandes de Lima,27.1,4.8,180.5,9.0,30.3,7.0,181.9,6.6,Estádio do Maracanã
Corinthians,2025,24,21/09/2025,17:30,Domingo,09,Sport Recife,Derrota,0,1,Visitante,Savio Pereira Sampaio,28.4,3.9,181.5,8.4,28.5,4.8,181.3,8.8,Ilha do Retiro
Corinthians,2025,25,28/09/2025,20:30,Domingo,09,Flamengo,Derrota,1,2,Mandante,Wilton Pereira Sampaio,25.8,4.1,182.4,8.9,29.3,2.4,181.5,7.2,Neo Química Arena
Corinthians,2025,26,01/10/2025,19:30,Quarta,10,Internacional,Empate,1,1,Visitante,Rodrigo Jose Pereira de Lima,26.6,4.4,182.2,8.5,28.0,5.0,178.5,6.6,Estádio Beira-Rio
Corinthians,2025,27,04/10/2025,21:00,Sábado,10,Mirassol,Vitória,3,0,Mandante,Felipe Fernandes de Lima,25.9,4.1,182.4,8.9,30.2,4.2,179.1,7.4,Neo Química Arena
Corinthians,2025,28,15/10/2025,21:30,Quarta,10,Santos,Derrota,1,3,Visitante,Flavio Rodrigues De Souza,25.5,4.5,182.8,6.9,28.6,2.6,179.8,7.1,Estádio Urbano Caldeira
Corinthians,2025,29,18/10/2025,18:30,Sábado,10,Atlético Mineiro,Vitória,1,0,Mandante,Alex Gomes Stefano,26.2,3.0,180.9,8.4,30.1,4.6,181.8,6.3,Neo Química Arena
Corinthians,2025,30,25/10/2025,16:00,Sábado,10,Vitória,Vitória,1,0,Visitante,Wilton Pereira Sampaio,27.3,4.7,181.9,7.1,27.7,3.4,180.5,6.4,Estádio Manoel Barradas
Corinthians,2025,31,02/11/2025,16:00,Domingo,11,Grêmio,Vitória,2,0,Mandante,Davi de Oliveira Lacerda,28.3,3.7,182.0,9.3,28.4,4.4,179.9,7.2,Neo Química Arena
Corinthians,2025,32,05/11/2025,19:00,Quarta,11,Red Bull Bragantino,Derrota,1,2,Visitante,Edina Alves Batista,26.5,4.1,181.1,7.8,27.8,3.4,180.9,8.8,Estádio Cícero de Souza Marques
Corinthians,2025,33,09/11/2025,16:00,Domingo,11,Ceará,Derrota,0,1,Mandante,Felipe Fernandes de Lima,26.4,4.9,178.7,7.5,28.8,3.7,180.4,7.5,Neo Química Arena
Corinthians,2025,34,20/11/2025,19:30,Quinta,11,São Paulo,Vitória,3,1,Mandante,Anderson Daronco,26.2,5.2,182.0,7.4,31.1,4.8,181.2,5.7,Neo Química Arena
Corinthians,2025,35,23/11/2025,20:30,Domingo,11,Cruzeiro,Derrota,0,3,Visitante,Alex Gomes Stefano,25.6,4.5,182.7,7.0,28.7,5.1,179.3,7.8,Governador Magalhães Pinto
Corinthians,2025,36,30/11/2025,16:00,Domingo,11,Botafogo,Empate,2,2,Mandante,Jonathan Benkenstein Pinheiro,26.2,4.6,181.7,9.6,26.6,4.9,182.1,7.7,Neo Química Arena
Corinthians,2025,37,03/12/2025,19:00,Quarta,12,Fortaleza,Derrota,1,2,Visitante,Savio Pereira Sampaio,25.8,5.5,181.4,8.5,29.1,3.9,179.0,4.7,Estádio Governador Plácido Castelo
Corinthians,2025,38,07/12/2025,16:00,Domingo,12,Juventude,Empate,1,1,Mandante,Felipe Fernandes de Lima,27.9,4.6,183.5,5.1,30.0,5.7,179.5,4.8,Neo Química Arena
