time,temporada,rodada,data,horario,dia_semana,mes,adversario,resultado,gols_favor,gols_sofridos,condicao,arbitro,idade_media_titular_time,altura_media_titular_time,idade_media_titular_adv,altura_media_titular_adv,estadio,publico
Atlético Mineiro,2015,1,09/05/2015,18:30,Sábado,Maio,Palmeiras,Empate,2,2,Visitante,Felipe Gomes Da Silva,27.8,182.9,28.2,178.6,Nubank Parque,28781
Atlético Mineiro,2015,2,17/05/2015,16:00,Domingo,Maio,Fluminense,Vitória,4,1,Mandante,Anderson Daronco,26.3,180.7,27.3,181.5,Arena Independência,11958
Atlético Mineiro,2015,3,24/05/2015,16:00,Domingo,Maio,Athletico,Derrota,0,1,Visitante,Thiago Duarte Peixoto,26.4,180.7,24.9,178.7,Arena da Baixada,13510
Atlético Mineiro,2015,4,31/05/2015,16:00,Domingo,Maio,Vasco da Gama,Vitória,3,0,Mandante,Alisson Sidnei Furtado,26.9,180.7,28.3,179.6,Arena Independência,17958
Atlético Mineiro,2015,5,03/06/2015,22:00,Quarta,Junho,Avaí,Vitória,4,1,Visitante,Pablo Dos Santos Alves,26.5,180.9,26.8,180.8,Estádio da Ressacada,7101
Atlético Mineiro,2015,6,06/06/2015,18:30,Sábado,Junho,Cruzeiro,Derrota,1,3,Mandante,Marcelo de Lima Henrique,26.6,180.2,26.7,177.8,Arena Independência,20092
Atlético Mineiro,2015,7,10/06/2015,19:30,Quarta,Junho,Santos,Empate,2,2,Mandante,Wilton Pereira Sampaio,27.0,181.4,25.5,179.5,Arena Independência,10536
Atlético Mineiro,2015,8,20/06/2015,16:30,Sábado,Junho,Flamengo,Vitória,2,0,Visitante,Thiago Duarte Peixoto,27.9,181.7,27.6,179.2,Estádio do Maracanã,42318
Atlético Mineiro,2015,9,28/06/2015,11:00,Domingo,Junho,Joinville,Vitória,1,0,Mandante,Emerson Luiz Sobral,28.1,181.8,26.1,181.5,Arena Independência,55987
Atlético Mineiro,2015,10,01/07/2015,21:00,Quarta,Julho,Coritiba,Vitória,2,0,Mandante,Braulio Da Silva Machado,27.3,181.4,26.4,180.3,Arena Independência,13309
Atlético Mineiro,2015,11,05/07/2015,18:30,Domingo,Julho,Internacional,Vitória,3,1,Visitante,Raphael Claus,27.8,181.2,27.1,180.8,Estádio Beira-Rio,16812
Atlético Mineiro,2015,12,08/07/2015,22:00,Quarta,Julho,Sport Recife,Vitória,2,1,Mandante,Elmo Alves Resende Cunha,28.3,181.8,27.5,180.2,Arena Independência,50684
Atlético Mineiro,2015,13,11/07/2015,21:00,Sábado,Julho,Ponte Preta,Vitória,2,0,Visitante,Rodolpho Toski Marques,28.3,181.8,26.4,177.9,Moisés Lucarelli,4733
Atlético Mineiro,2015,14,18/07/2015,21:00,Sábado,Julho,Corinthians,Derrota,0,1,Visitante,Anderson Daronco,27.8,181.1,26.7,179.9,Neo Química Arena,36280
Atlético Mineiro,2015,15,25/07/2015,21:00,Sábado,Julho,Figueirense,Vitória,1,0,Mandante,Luiz Flávio de Oliveira,28.4,181.5,26.4,182.4,Arena Independência,16056
Atlético Mineiro,2015,16,29/07/2015,22:00,Quarta,Julho,São Paulo,Vitória,3,1,Mandante,Dewson Fernando Freitas da Silva,27.9,180.9,27.6,182.0,Arena Independência,47606
Atlético Mineiro,2015,17,09/08/2015,16:00,Domingo,Agosto,Goiás,Empate,0,0,Visitante,Raphael Claus,27.9,179.6,25.1,180.2,Serra Dourada,7762
Atlético Mineiro,2015,18,13/08/2015,21:00,Quinta,Agosto,Grêmio,Derrota,0,2,Mandante,Dewson Fernando Freitas da Silva,28.1,180.7,25.8,182.1,Arena Independência,49047
Atlético Mineiro,2015,19,16/08/2015,18:30,Domingo,Agosto,Chapecoense,Derrota,1,2,Visitante,Marcos Andre Gomes da Penha,28.5,181.2,29.0,179.5,Arena Condá,8133
Atlético Mineiro,2015,20,23/08/2015,18:30,Domingo,Agosto,Palmeiras,Vitória,2,1,Mandante,Sandro Meira Ricci,27.4,180.5,29.7,181.7,Arena Independência,17464
Atlético Mineiro,2015,21,30/08/2015,16:00,Domingo,Agosto,Fluminense,Vitória,2,1,Visitante,Marielson Alves Silva,27.5,180.4,27.0,181.9,Estádio do Maracanã,20533
Atlético Mineiro,2015,22,02/09/2015,21:00,Quarta,Setembro,Athletico,Derrota,0,1,Mandante,Marcelo de Lima Henrique,28.9,180.6,23.6,180.1,Arena Independência,12064
Atlético Mineiro,2015,23,05/09/2015,19:30,Sábado,Setembro,Vasco da Gama,Vitória,2,1,Visitante,Elmo Alves Resende Cunha,29.5,182.5,28.7,181.9,Estádio do Maracanã,8768
Atlético Mineiro,2015,24,09/09/2015,19:30,Quarta,Setembro,Avaí,Vitória,2,0,Mandante,Luis Teixeira Rocha,28.6,180.3,26.8,179.9,Arena Independência,10388
Atlético Mineiro,2015,25,13/09/2015,16:00,Domingo,Setembro,Cruzeiro,Empate,1,1,Visitante,Leandro Pedro Vuaden,27.7,180.2,28.9,178.8,Governador Magalhães Pinto,45991
Atlético Mineiro,2015,26,16/09/2015,22:00,Quarta,Setembro,Santos,Derrota,0,4,Visitante,Heber Roberto Lopes,26.9,180.2,26.5,181.0,Estádio Urbano Caldeira,6179
Atlético Mineiro,2015,27,20/09/2015,16:00,Domingo,Setembro,Flamengo,Vitória,4,1,Mandante,Sandro Meira Ricci,28.5,180.9,26.8,179.7,Arena Independência,20203
Atlético Mineiro,2015,28,27/09/2015,16:00,Domingo,Setembro,Joinville,Empate,2,2,Visitante,Raphael Claus,28.2,180.4,27.7,180.0,Arena Joinville,7486
Atlético Mineiro,2015,29,03/10/2015,18:30,Sábado,Outubro,Coritiba,Vitória,3,0,Visitante,Pericles Bassols Pegado Cortez,28.0,181.1,30.2,176.7,Estádio Major Antônio Couto Pereira,14469
Atlético Mineiro,2015,30,14/10/2015,19:30,Quarta,Outubro,Internacional,Vitória,2,1,Mandante,Andre Luiz de Freitas Castro,27.5,180.5,27.7,181.3,Arena Independência,19023
Atlético Mineiro,2015,31,18/10/2015,17:30,Domingo,Outubro,Sport Recife,Derrota,1,4,Visitante,Wilton Pereira Sampaio,26.8,180.1,27.6,180.7,Ilha do Retiro,15459
Atlético Mineiro,2015,32,25/10/2015,18:30,Domingo,Outubro,Ponte Preta,Vitória,2,1,Mandante,Sandro Meira Ricci,28.2,180.4,28.4,178.5,Arena Independência,13232
Atlético Mineiro,2015,33,01/11/2015,16:00,Domingo,Novembro,Corinthians,Derrota,0,3,Mandante,Heber Roberto Lopes,28.9,180.5,27.3,180.6,Arena Independência,21798
Atlético Mineiro,2015,34,08/11/2015,16:00,Domingo,Novembro,Figueirense,Vitória,1,0,Visitante,Marcelo Aparecido Ribeiro de Souza,28.3,180.4,27.3,181.4,Orlando Scarpelli,11556
Atlético Mineiro,2015,35,19/11/2015,21:00,Quinta,Novembro,São Paulo,Derrota,2,4,Visitante,Leandro Pedro Vuaden,27.8,180.2,27.3,182.2,MorumBIS,18217
Atlético Mineiro,2015,36,22/11/2015,16:00,Domingo,Novembro,Goiás,Empate,2,2,Mandante,Nielson Nogueira Dias,28.3,180.4,26.5,180.5,Arena Independência,9373
Atlético Mineiro,2015,37,29/11/2015,16:00,Domingo,Novembro,Grêmio,Derrota,1,2,Visitante,Pericles Bassols Pegado Cortez,28.3,180.1,25.4,181.6,Arena do Grêmio,36862
Atlético Mineiro,2015,38,06/12/2015,16:00,Domingo,Dezembro,Chapecoense,Vitória,3,0,Mandante,Wilton Pereira Sampaio,27.6,181.7,29.4,178.2,Arena Independência,32229
Atlético Mineiro,2016,1,14/05/2016,18:30,Sábado,Maio,Santos,Vitória,1,0,Mandante,Jailson Macedo Freitas,24.6,180.5,25.8,180.8,Arena Independência,5403
Atlético Mineiro,2016,2,22/05/2016,11:00,Domingo,Maio,Athletico,Empate,1,1,Visitante,Flavio Rodrigues De Souza,25.7,179.8,25.1,180.8,Arena da Baixada,11804
Atlético Mineiro,2016,3,26/05/2016,21:00,Quinta,Maio,Grêmio,Derrota,0,3,Mandante,Raphael Claus,27.4,181.0,28.2,182.1,Arena Independência,15742
Atlético Mineiro,2016,4,29/05/2016,16:00,Domingo,Maio,Vitória,Empate,1,1,Visitante,Rodolpho Toski Marques,27.0,181.2,27.1,180.0,Arena Fonte Nova,12791
Atlético Mineiro,2016,5,01/06/2016,21:45,Quarta,Junho,Fluminense,Empate,1,1,Mandante,Luiz Flávio de Oliveira,27.2,180.2,27.4,181.5,Arena Independência,8144
Atlético Mineiro,2016,6,05/06/2016,16:00,Domingo,Junho,Sport Recife,Empate,4,4,Visitante,Rodrigo Nunes De Sa,27.2,180.2,28.9,178.2,Ilha do Retiro,14170
Atlético Mineiro,2016,7,12/06/2016,16:00,Domingo,Junho,Cruzeiro,Derrota,2,3,Mandante,Marcelo Aparecido Ribeiro de Souza,29.1,180.5,26.6,177.7,Arena Independência,19484
Atlético Mineiro,2016,8,16/06/2016,19:30,Quinta,Junho,Internacional,Derrota,0,2,Visitante,Pericles Bassols Pegado Cortez,28.2,180.2,25.7,180.5,Estádio Beira-Rio,21881
Atlético Mineiro,2016,9,19/06/2016,11:00,Domingo,Junho,Ponte Preta,Vitória,3,0,Mandante,Sandro Meira Ricci,29.1,180.5,28.2,178.5,Arena Independência,16042
Atlético Mineiro,2016,10,22/06/2016,21:45,Quarta,Junho,Corinthians,Vitória,2,1,Mandante,Wilton Pereira Sampaio,29.0,180.2,26.5,179.7,Arena Independência,34426
Atlético Mineiro,2016,11,26/06/2016,11:00,Domingo,Junho,América Mineiro,Vitória,1,0,Visitante,Anderson Daronco,29.1,180.5,28.0,180.3,Arena Independência,9516
Atlético Mineiro,2016,12,30/06/2016,21:00,Quinta,Junho,Botafogo,Vitória,5,3,Mandante,Raphael Claus,28.1,181.3,27.2,180.7,Governador Magalhães Pinto,36129
Atlético Mineiro,2016,13,03/07/2016,19:00,Domingo,Julho,Figueirense,Empate,1,1,Visitante,Rafael Traci,27.9,181.5,26.6,177.6,Orlando Scarpelli,5226
Atlético Mineiro,2016,14,10/07/2016,11:00,Domingo,Julho,Flamengo,Derrota,0,2,Visitante,Marielson Alves Silva,27.7,180.3,26.8,181.1,Arena BRB Mané Garrincha,23390
Atlético Mineiro,2016,15,18/07/2016,20:00,Segunda,Julho,Coritiba,Vitória,2,1,Mandante,Leandro Pedro Vuaden,28.7,182.1,30.2,178.4,Arena Independência,20891
Atlético Mineiro,2016,16,24/07/2016,11:00,Domingo,Julho,Palmeiras,Vitória,1,0,Visitante,Wagner do Nascimento Magalhaes,30.7,182.3,28.2,178.7,Nubank Parque,39400
Atlético Mineiro,2016,17,30/07/2016,21:00,Sábado,Julho,Santa Cruz,Vitória,3,0,Mandante,Dewson Fernando Freitas da Silva,31.3,182.7,29.2,181.7,Arena Independência,16804
Atlético Mineiro,2016,18,04/08/2016,19:30,Quinta,Agosto,São Paulo,Vitória,2,1,Visitante,Leandro Pedro Vuaden,30.7,183.4,28.4,180.2,MorumBIS,15717
Atlético Mineiro,2016,19,08/08/2016,20:00,Segunda,Agosto,Chapecoense,Vitória,3,1,Mandante,Pericles Bassols Pegado Cortez,31.3,182.7,28.5,179.8,Arena Independência,17484
Atlético Mineiro,2016,20,14/08/2016,16:00,Domingo,Agosto,Santos,Derrota,0,3,Visitante,Wagner do Nascimento Magalhaes,31.3,182.7,26.6,182.6,Estádio Urbano Caldeira,10250
Atlético Mineiro,2016,21,21/08/2016,11:00,Domingo,Agosto,Athletico,Vitória,1,0,Mandante,Braulio Da Silva Machado,29.8,182.4,24.2,181.2,Arena Independência,17465
Atlético Mineiro,2016,22,28/08/2016,16:00,Domingo,Agosto,Grêmio,Empate,1,1,Visitante,Claudio Francisco Lima E. Silva,29.5,182.9,27.3,181.7,Arena do Grêmio,30631
Atlético Mineiro,2016,23,07/09/2016,19:30,Quarta,Setembro,Vitória,Vitória,2,1,Mandante,Jean Pierre Goncalves Lima,28.9,180.0,26.0,178.1,Arena Independência,13532
Atlético Mineiro,2016,24,12/09/2016,20:00,Segunda,Setembro,Fluminense,Derrota,2,4,Visitante,Eduardo Tomaz de Aquino Valadao,30.6,182.8,27.0,178.3,Estádio Giulite Coutinho,9004
Atlético Mineiro,2016,25,15/09/2016,19:30,Quinta,Setembro,Sport Recife,Vitória,1,0,Mandante,Thiago Duarte Peixoto,28.4,181.4,28.1,177.8,Arena Independência,11389
Atlético Mineiro,2016,26,18/09/2016,16:00,Domingo,Setembro,Cruzeiro,Empate,1,1,Visitante,Braulio Da Silva Machado,29.5,180.7,28.7,179.8,Governador Magalhães Pinto,43381
Atlético Mineiro,2016,27,25/09/2016,18:30,Domingo,Setembro,Internacional,Vitória,3,1,Mandante,Pericles Bassols Pegado Cortez,29.0,180.1,27.3,180.2,Arena Independência,20311
Atlético Mineiro,2016,28,01/10/2016,16:30,Sábado,Outubro,Ponte Preta,Vitória,2,1,Visitante,Diego Almeida Real,28.4,179.5,28.0,182.1,Moisés Lucarelli,4946
Atlético Mineiro,2016,29,05/10/2016,21:00,Quarta,Outubro,Corinthians,Empate,0,0,Visitante,Rodolpho Toski Marques,29.3,181.3,24.8,180.6,Neo Química Arena,17135
Atlético Mineiro,2016,30,13/10/2016,19:30,Quinta,Outubro,América Mineiro,Vitória,3,0,Mandante,Raphael Claus,29.6,180.7,28.7,180.2,Governador Magalhães Pinto,27737
Atlético Mineiro,2016,31,16/10/2016,16:00,Domingo,Outubro,Botafogo,Derrota,2,3,Visitante,Reway Wagner,29.6,180.7,27.7,178.9,Estádio Luso Brasileiro,14595
Atlético Mineiro,2016,32,23/10/2016,18:30,Domingo,Outubro,Figueirense,Vitória,3,0,Mandante,Grazianni Maciel Rocha,27.2,178.7,28.9,180.5,Arena Independência,14615
Atlético Mineiro,2016,33,29/10/2016,15:30,Sábado,Outubro,Flamengo,Empate,2,2,Mandante,Braulio Da Silva Machado,29.2,179.1,28.9,180.4,Arena Independência,45952
Atlético Mineiro,2016,34,06/11/2016,18:30,Domingo,Novembro,Coritiba,Derrota,0,2,Visitante,Anderson Daronco,28.0,178.8,27.4,177.4,Estádio Major Antônio Couto Pereira,11847
Atlético Mineiro,2016,35,17/11/2016,20:00,Quinta,Novembro,Palmeiras,Empate,1,1,Mandante,Braulio Da Silva Machado,30.0,180.4,27.4,179.2,Arena Independência,14942
Atlético Mineiro,2016,36,20/11/2016,18:30,Domingo,Novembro,Santa Cruz,Empate,3,3,Visitante,Wagner do Nascimento Magalhaes,26.5,179.4,29.5,178.8,Estádio do Arruda,3221
Atlético Mineiro,2016,37,27/11/2016,16:00,Domingo,Novembro,São Paulo,Derrota,1,2,Mandante,Dewson Fernando Freitas da Silva,26.5,180.5,25.1,178.4,Arena Independência,8901
Atlético Mineiro,2017,1,13/05/2017,16:00,Sábado,Maio,Flamengo,Empate,1,1,Visitante,Jailson Macedo Freitas,30.1,179.8,28.2,180.1,Estádio do Maracanã,50220
Atlético Mineiro,2017,2,21/05/2017,16:00,Domingo,Maio,Fluminense,Derrota,1,2,Mandante,Jean Pierre Goncalves Lima,29.2,179.8,25.1,181.3,Arena Independência,16145
Atlético Mineiro,2017,3,28/05/2017,11:00,Domingo,Maio,Ponte Preta,Empate,2,2,Mandante,Wagner do Nascimento Magalhaes,30.0,180.4,28.7,181.1,Arena Independência,19553
Atlético Mineiro,2017,4,04/06/2017,16:00,Domingo,Junho,Palmeiras,Empate,0,0,Visitante,Marcelo de Lima Henrique,28.1,180.1,28.8,180.3,Nubank Parque,34240
Atlético Mineiro,2017,5,07/06/2017,19:30,Quarta,Junho,Avaí,Vitória,1,0,Mandante,Bruno Arleu de Araujo,28.4,180.9,28.3,178.4,Arena Independência,12648
Atlético Mineiro,2017,6,11/06/2017,16:00,Domingo,Junho,Vitória,Derrota,0,2,Visitante,Raphael Claus,28.9,182.5,28.2,178.7,Estádio Manoel Barradas,6812
Atlético Mineiro,2017,7,14/06/2017,19:30,Quarta,Junho,Athletico,Derrota,0,1,Mandante,Pericles Bassols Pegado Cortez,30.4,182.6,27.4,179.5,Arena Independência,10924
Atlético Mineiro,2017,8,18/06/2017,16:00,Domingo,Junho,São Paulo,Vitória,2,1,Visitante,Braulio Da Silva Machado,30.3,182.1,25.6,181.5,MorumBIS,22704
Atlético Mineiro,2017,9,21/06/2017,21:45,Quarta,Junho,Sport Recife,Empate,2,2,Mandante,Wilton Pereira Sampaio,30.0,181.5,29.0,178.1,Arena Independência,12027
Atlético Mineiro,2017,10,25/06/2017,19:00,Domingo,Junho,Chapecoense,Vitória,1,0,Visitante,Joao Batista de Arruda,25.0,181.2,25.9,182.8,Arena Condá,9013
Atlético Mineiro,2017,11,02/07/2017,16:00,Domingo,Julho,Cruzeiro,Vitória,3,1,Mandante,Anderson Daronco,29.8,181.0,28.3,179.2,Arena Independência,17251
Atlético Mineiro,2017,12,09/07/2017,19:00,Domingo,Julho,Botafogo,Empate,1,1,Visitante,Wilton Pereira Sampaio,28.5,181.5,28.7,181.2,Estádio Nilton Santos,9630
Atlético Mineiro,2017,13,12/07/2017,19:30,Quarta,Julho,Santos,Derrota,0,1,Mandante,Marcelo de Lima Henrique,27.6,180.3,27.6,182.0,Arena Independência,12949
Atlético Mineiro,2017,14,16/07/2017,16:00,Domingo,Julho,Atlético Goianiense,Vitória,2,1,Visitante,Pablo Dos Santos Alves,27.0,180.7,27.1,181.9,Estádio Olímpico Pedro Ludovico,5235
Atlético Mineiro,2017,15,19/07/2017,21:45,Quarta,Julho,Bahia,Derrota,0,2,Mandante,Marcelo Aparecido Ribeiro de Souza,28.4,180.5,25.8,179.9,Arena Independência,12177
Atlético Mineiro,2017,16,23/07/2017,19:00,Domingo,Julho,Vasco da Gama,Derrota,1,2,Mandante,Raphael Claus,27.2,180.6,25.7,180.1,Arena Independência,12497
Atlético Mineiro,2017,17,30/07/2017,16:00,Domingo,Julho,Coritiba,Vitória,2,0,Visitante,Wagner do Nascimento Magalhaes,29.2,180.8,27.1,179.9,Estádio Major Antônio Couto Pereira,11564
Atlético Mineiro,2017,18,02/08/2017,21:00,Quarta,Agosto,Corinthians,Derrota,0,2,Mandante,Anderson Daronco,29.4,180.1,25.6,179.1,Arena Independência,45283
Atlético Mineiro,2017,19,06/08/2017,16:00,Domingo,Agosto,Grêmio,Derrota,0,2,Visitante,Flavio Rodrigues De Souza,25.4,181.5,28.2,179.7,Arena do Grêmio,22702
Atlético Mineiro,2017,20,13/08/2017,16:00,Domingo,Agosto,Flamengo,Vitória,2,0,Mandante,Elmo Alves Resende Cunha,30.3,180.4,28.3,180.7,Arena Independência,11031
Atlético Mineiro,2017,21,21/08/2017,20:00,Segunda,Agosto,Fluminense,Derrota,1,2,Visitante,Vinicius Goncalves Dias Araujo,29.7,181.2,25.7,181.7,Estádio Giulite Coutinho,10412
Atlético Mineiro,2017,22,27/08/2017,16:00,Domingo,Agosto,Ponte Preta,Vitória,2,1,Visitante,Rodolpho Toski Marques,29.7,180.5,28.1,178.8,Moisés Lucarelli,5779
Atlético Mineiro,2017,23,09/09/2017,16:00,Sábado,Setembro,Palmeiras,Empate,1,1,Mandante,Leandro Pedro Vuaden,29.4,180.2,30.1,179.6,Arena Independência,25672
Atlético Mineiro,2017,24,17/09/2017,11:00,Domingo,Setembro,Avaí,Empate,1,1,Visitante,Andre Luiz de Freitas Castro,29.9,179.5,27.7,180.2,Estádio da Ressacada,9201
Atlético Mineiro,2017,25,24/09/2017,19:00,Domingo,Setembro,Vitória,Derrota,1,3,Mandante,Wilton Pereira Sampaio,28.5,180.6,25.4,182.2,Arena Independência,10865
Atlético Mineiro,2017,26,01/10/2017,19:00,Domingo,Outubro,Athletico,Vitória,2,0,Visitante,Reway Wagner,30.0,180.4,26.8,181.1,Arena da Baixada,11418
Atlético Mineiro,2017,27,11/10/2017,21:45,Quarta,Outubro,São Paulo,Vitória,1,0,Mandante,Heber Roberto Lopes,29.9,180.9,26.0,180.8,Arena Independência,17606
Atlético Mineiro,2017,28,15/10/2017,16:00,Domingo,Outubro,Sport Recife,Empate,1,1,Visitante,Leandro Bizzio Marinho,29.1,179.4,29.0,179.5,Ilha do Retiro,20273
Atlético Mineiro,2017,29,18/10/2017,20:00,Quarta,Outubro,Chapecoense,Derrota,2,3,Mandante,Vinicius Goncalves Dias Araujo,30.1,180.2,27.8,181.8,Arena Independência,11927
Atlético Mineiro,2017,30,22/10/2017,16:00,Domingo,Outubro,Cruzeiro,Vitória,3,1,Visitante,Wagner do Nascimento Magalhaes,30.5,180.4,28.4,179.3,Governador Magalhães Pinto,35921
Atlético Mineiro,2017,31,29/10/2017,16:00,Domingo,Outubro,Botafogo,Empate,0,0,Mandante,Sandro Meira Ricci,30.5,179.4,26.9,181.2,Arena Independência,17086
Atlético Mineiro,2017,32,04/11/2017,16:00,Sábado,Novembro,Santos,Derrota,1,3,Visitante,Wilton Pereira Sampaio,30.8,179.0,28.4,182.5,Estádio Urbano Caldeira,11418
Atlético Mineiro,2017,33,09/11/2017,19:00,Quinta,Novembro,Atlético Goianiense,Vitória,3,2,Mandante,Rodolpho Toski Marques,30.6,179.7,26.5,182.1,Arena Independência,8204
Atlético Mineiro,2017,34,12/11/2017,17:00,Domingo,Novembro,Bahia,Empate,2,2,Visitante,Raphael Claus,28.6,180.5,25.7,177.9,Arena Fonte Nova,29769
Atlético Mineiro,2017,35,15/11/2017,20:45,Quarta,Novembro,Vasco da Gama,Empate,1,1,Visitante,Flavio Rodrigues De Souza,30.4,180.0,26.0,180.0,Estádio São Januário,12059
Atlético Mineiro,2017,36,19/11/2017,18:00,Domingo,Novembro,Coritiba,Vitória,3,0,Mandante,Sandro Meira Ricci,29.8,179.1,27.5,178.9,Arena Independência,8184
Atlético Mineiro,2017,37,26/11/2017,16:00,Domingo,Novembro,Corinthians,Empate,2,2,Visitante,Wagner do Nascimento Magalhaes,29.8,179.1,27.1,178.7,Neo Química Arena,46030
Atlético Mineiro,2017,38,03/12/2017,16:00,Domingo,Dezembro,Grêmio,Vitória,4,3,Mandante,Marcelo Aparecido Ribeiro de Souza,29.9,180.5,21.1,179.9,Arena Independência,19116
Atlético Mineiro,2018,1,15/04/2018,16:00,Domingo,Abril,Vasco da Gama,Derrota,1,2,Visitante,Andre Luiz de Freitas Castro,28.6,177.3,28.5,178.7,Estádio São Januário,7197
Atlético Mineiro,2018,2,22/04/2018,16:00,Domingo,Abril,Vitória,Vitória,2,1,Mandante,Grazianni Maciel Rocha,28.1,179.1,25.9,181.4,Arena Independência,10423
Atlético Mineiro,2018,3,29/04/2018,16:00,Domingo,Abril,Corinthians,Vitória,1,0,Mandante,Dewson Fernando Freitas da Silva,28.1,179.1,26.3,177.5,Arena Independência,19825
Atlético Mineiro,2018,4,05/05/2018,19:00,Sábado,Maio,São Paulo,Empate,2,2,Visitante,Rafael Traci,29.7,179.5,30.6,182.4,MorumBIS,31976
Atlético Mineiro,2018,5,13/05/2018,16:00,Domingo,Maio,Athletico,Vitória,2,1,Visitante,Luiz Flávio de Oliveira,28.1,179.1,26.3,179.0,Arena da Baixada,7505
Atlético Mineiro,2018,6,19/05/2018,16:00,Sábado,Maio,Cruzeiro,Vitória,1,0,Mandante,Raphael Claus,28.1,180.4,28.4,180.4,Arena Independência,15384
Atlético Mineiro,2018,7,26/05/2018,21:00,Sábado,Maio,Flamengo,Derrota,0,1,Mandante,Anderson Daronco,25.5,180.1,25.7,179.2,Arena Independência,15797
Atlético Mineiro,2018,8,30/05/2018,19:30,Quarta,Maio,Sport Recife,Derrota,2,3,Visitante,Wagner do Nascimento Magalhaes,27.3,180.4,29.3,180.5,Ilha do Retiro,15605
Atlético Mineiro,2018,9,02/06/2018,16:00,Sábado,Junho,Chapecoense,Empate,3,3,Mandante,Bruno Arleu de Araujo,27.5,179.6,29.1,180.6,Arena Independência,10298
Atlético Mineiro,2018,10,07/06/2018,21:00,Quinta,Junho,América Mineiro,Vitória,3,1,Visitante,Braulio Da Silva Machado,29.0,180.5,27.0,182.0,Arena Independência,7776
Atlético Mineiro,2018,11,10/06/2018,16:00,Domingo,Junho,Fluminense,Vitória,5,2,Mandante,Flavio Rodrigues De Souza,29.3,180.2,23.9,182.4,Arena Independência,14476
Atlético Mineiro,2018,12,13/06/2018,21:45,Quarta,Junho,Ceará,Vitória,2,1,Mandante,Vinicius Furlan,27.7,179.8,30.5,179.7,Arena Independência,22119
Atlético Mineiro,2018,13,18/07/2018,21:45,Quarta,Julho,Grêmio,Derrota,0,2,Visitante,Flavio Rodrigues De Souza,28.9,176.6,29.8,180.6,Arena do Grêmio,20311
Atlético Mineiro,2018,14,22/07/2018,16:00,Domingo,Julho,Palmeiras,Derrota,2,3,Visitante,Pericles Bassols Pegado Cortez,29.2,178.4,29.6,180.5,Nubank Parque,29246
Atlético Mineiro,2018,15,25/07/2018,21:00,Quarta,Julho,Paraná Clube,Vitória,2,0,Mandante,Leandro Pedro Vuaden,29.7,180.4,26.0,180.5,Arena Independência,18948
Atlético Mineiro,2018,16,30/07/2018,20:00,Segunda,Julho,Bahia,Empate,2,2,Visitante,Wilton Pereira Sampaio,28.2,179.7,27.7,182.3,Arena Fonte Nova,15993
Atlético Mineiro,2018,17,06/08/2018,20:00,Segunda,Agosto,Internacional,Derrota,0,1,Mandante,Jailson Macedo Freitas,28.4,180.6,27.1,182.7,Arena Independência,22035
Atlético Mineiro,2018,18,12/08/2018,11:00,Domingo,Agosto,Santos,Vitória,3,1,Mandante,Rodrigo D'alonso Ferreira,27.5,181.0,25.7,180.8,Arena Independência,22062
Atlético Mineiro,2018,19,19/08/2018,16:00,Domingo,Agosto,Botafogo,Vitória,3,0,Visitante,Marcelo Aparecido Ribeiro de Souza,28.6,181.4,26.1,182.3,Estádio Nilton Santos,8470
Atlético Mineiro,2018,20,23/08/2018,20:00,Quinta,Agosto,Vasco da Gama,Empate,0,0,Mandante,Leandro Pedro Vuaden,29.5,181.0,28.0,178.4,Arena Independência,22452
Atlético Mineiro,2018,21,26/08/2018,16:00,Domingo,Agosto,Vitória,Derrota,0,1,Visitante,Leandro Bizzio Marinho,27.8,180.0,23.4,178.4,Estádio Manoel Barradas,5954
Atlético Mineiro,2018,22,01/09/2018,21:00,Sábado,Setembro,Corinthians,Empate,1,1,Visitante,Wagner do Nascimento Magalhaes,29.6,181.1,26.3,180.2,Neo Química Arena,29371
Atlético Mineiro,2018,23,05/09/2018,21:45,Quarta,Setembro,São Paulo,Vitória,1,0,Mandante,Anderson Daronco,29.3,181.5,31.0,181.5,Arena Independência,20852
Atlético Mineiro,2018,24,10/09/2018,20:00,Segunda,Setembro,Athletico,Vitória,3,1,Mandante,Luiz Flávio de Oliveira,30.2,180.6,27.6,180.2,Arena Independência,20922
Atlético Mineiro,2018,25,16/09/2018,16:00,Domingo,Setembro,Cruzeiro,Empate,0,0,Visitante,Rafael Traci,30.5,180.7,26.4,180.8,Governador Magalhães Pinto,24999
Atlético Mineiro,2018,26,23/09/2018,16:00,Domingo,Setembro,Flamengo,Derrota,1,2,Visitante,Rodolpho Toski Marques,29.4,180.7,27.4,179.6,Estádio do Maracanã,39462
Atlético Mineiro,2018,27,30/09/2018,16:00,Domingo,Setembro,Sport Recife,Vitória,5,2,Mandante,Leandro Bizzio Marinho,29.8,180.4,30.9,182.0,Arena Independência,21654
Atlético Mineiro,2018,28,06/10/2018,16:00,Sábado,Outubro,Chapecoense,Derrota,0,1,Visitante,Luiz Flávio de Oliveira,28.5,180.2,27.1,181.3,Arena Condá,10074
Atlético Mineiro,2018,29,14/10/2018,19:00,Domingo,Outubro,América Mineiro,Empate,0,0,Mandante,Flavio Rodrigues De Souza,31.0,180.3,28.6,178.8,Arena Independência,20526
Atlético Mineiro,2018,30,21/10/2018,16:00,Domingo,Outubro,Fluminense,Derrota,0,1,Visitante,Jean Pierre Goncalves Lima,29.2,179.7,25.9,180.7,Estadio Nilton Santos,4762
Atlético Mineiro,2018,31,29/10/2018,20:00,Segunda,Outubro,Ceará,Derrota,1,2,Visitante,Reway Wagner,29.4,180.4,28.1,179.8,Estádio Governador Plácido Castelo,37394
Atlético Mineiro,2018,32,03/11/2018,17:00,Sábado,Novembro,Grêmio,Derrota,0,1,Mandante,Wagner do Nascimento Magalhaes,30.3,181.9,27.0,179.9,Arena Independência,16758
Atlético Mineiro,2018,33,11/11/2018,16:00,Domingo,Novembro,Palmeiras,Empate,1,1,Mandante,Wilton Pereira Sampaio,30.7,180.7,30.9,181.1,Arena Independência,20488
Atlético Mineiro,2018,34,14/11/2018,20:00,Quarta,Novembro,Paraná Clube,Vitória,1,0,Visitante,Wagner do Nascimento Magalhaes,28.1,180.7,24.9,180.7,Durival Britto e Silva,1140
Atlético Mineiro,2018,35,17/11/2018,20:00,Sábado,Novembro,Bahia,Vitória,1,0,Mandante,Marcelo Aparecido Ribeiro de Souza,31.6,179.8,26.8,181.5,Arena Independência,17313
Atlético Mineiro,2018,36,21/11/2018,18:30,Quarta,Novembro,Internacional,Vitória,2,1,Visitante,Raphael Claus,29.7,180.5,27.8,182.2,Estádio Beira-Rio,23085
Atlético Mineiro,2018,37,24/11/2018,19:00,Sábado,Novembro,Santos,Derrota,2,3,Visitante,Leandro Pedro Vuaden,30.3,179.2,26.9,181.4,Estádio Urbano Caldeira,4591
Atlético Mineiro,2018,38,01/12/2018,18:00,Sábado,Dezembro,Botafogo,Vitória,1,0,Mandante,Braulio Da Silva Machado,30.7,180.7,25.1,180.3,Arena Independência,19171
Atlético Mineiro,2019,1,27/04/2019,19:00,Sábado,Abril,Avaí,Vitória,2,1,Mandante,Rodolpho Toski Marques,31.1,180.3,28.6,180.3,Arena Independência,10531
Atlético Mineiro,2019,2,01/05/2019,21:30,Quarta,Maio,Vasco da Gama,Vitória,2,1,Visitante,Raphael Claus,30.0,179.5,25.4,181.5,Estádio São Januário,6745
Atlético Mineiro,2019,3,04/05/2019,21:00,Sábado,Maio,Ceará,Vitória,2,1,Visitante,Flavio Rodrigues De Souza,29.5,180.2,31.2,180.5,Estádio Governador Plácido Castelo,16815
Atlético Mineiro,2019,4,12/05/2019,16:00,Domingo,Maio,Palmeiras,Derrota,0,2,Mandante,Anderson Daronco,30.8,179.9,28.3,180.2,Arena Independência,24368
Atlético Mineiro,2019,5,18/05/2019,19:00,Sábado,Maio,Flamengo,Vitória,2,1,Mandante,Paulo Roberto Alves Junior,29.7,178.5,27.5,178.6,Arena Independência,13616
Atlético Mineiro,2019,6,25/05/2019,19:00,Sábado,Maio,Grêmio,Derrota,0,1,Visitante,Rafael Traci,30.6,179.5,26.7,181.2,Arena do Grêmio,13714
Atlético Mineiro,2019,7,02/06/2019,19:00,Domingo,Junho,CSA,Vitória,4,0,Mandante,Diego Pombo Lopez,29.9,179.2,28.5,178.9,Arena Independência,14116
Atlético Mineiro,2019,8,09/06/2019,19:00,Domingo,Junho,Santos,Derrota,1,3,Visitante,Dewson Fernando Freitas da Silva,31.0,179.1,26.0,178.4,Estádio Urbano Caldeira,5794
Atlético Mineiro,2019,9,13/06/2019,20:00,Quinta,Junho,São Paulo,Empate,1,1,Mandante,Leandro Pedro Vuaden,29.9,179.2,27.2,179.0,Arena Independência,19761
Atlético Mineiro,2019,10,14/07/2019,19:00,Domingo,Julho,Chapecoense,Vitória,2,1,Visitante,Marcelo Aparecido Ribeiro de Souza,27.5,181.1,29.0,178.5,Arena Condá,2600
Atlético Mineiro,2019,11,21/07/2019,16:00,Domingo,Julho,Fortaleza,Empate,2,2,Mandante,Edina Alves Batista,26.4,179.6,29.1,178.3,Arena Independência,16043
Atlético Mineiro,2019,12,28/07/2019,19:00,Domingo,Julho,Goiás,Empate,0,0,Visitante,Luiz Flávio de Oliveira,27.8,179.5,26.9,179.2,Serra Dourada,10439
Atlético Mineiro,2019,13,04/08/2019,19:00,Domingo,Agosto,Cruzeiro,Vitória,2,0,Mandante,Leandro Pedro Vuaden,29.8,179.5,31.7,182.5,Arena Independência,13181
Atlético Mineiro,2019,14,10/08/2019,21:00,Sábado,Agosto,Fluminense,Vitória,2,1,Mandante,Wilton Pereira Sampaio,29.7,180.2,25.0,181.9,Arena Independência,19081
Atlético Mineiro,2019,15,17/08/2019,19:00,Sábado,Agosto,Athletico,Derrota,0,1,Visitante,Dewson Fernando Freitas da Silva,27.1,179.8,26.9,180.6,Arena da Baixada,13148
Atlético Mineiro,2019,16,24/08/2019,11:00,Sábado,Agosto,Bahia,Derrota,0,1,Mandante,Rodolpho Toski Marques,25.9,178.9,27.8,179.6,Arena Independência,22401
Atlético Mineiro,2019,17,01/09/2019,19:00,Domingo,Setembro,Corinthians,Derrota,0,1,Visitante,Wilton Pereira Sampaio,29.8,179.5,29.3,179.2,Neo Química Arena,31961
Atlético Mineiro,2019,18,08/09/2019,16:00,Domingo,Setembro,Botafogo,Derrota,1,2,Visitante,Braulio Da Silva Machado,31.1,179.0,28.7,181.5,Estadio Nilton Santos,12098
Atlético Mineiro,2019,19,15/09/2019,11:00,Domingo,Setembro,Internacional,Derrota,1,3,Mandante,Bruno Arleu de Araujo,30.5,180.8,26.0,177.0,Arena Independência,18966
Atlético Mineiro,2019,20,23/09/2019,20:00,Segunda,Setembro,Avaí,Derrota,0,1,Visitante,Caio Max Augusto Vieira,25.1,180.5,26.4,180.4,Estádio da Ressacada,7463
Atlético Mineiro,2019,22,29/09/2019,19:00,Domingo,Setembro,Ceará,Vitória,2,1,Mandante,Paulo Roberto Alves Junior,29.0,179.6,29.1,180.6,Arena Independência,6131
Atlético Mineiro,2019,21,02/10/2019,19:15,Quarta,Outubro,Vasco da Gama,Derrota,1,2,Mandante,Heber Roberto Lopes,27.9,179.5,25.6,182.6,Arena Independência,10485
Atlético Mineiro,2019,23,06/10/2019,16:00,Domingo,Outubro,Palmeiras,Empate,1,1,Visitante,Rafael Traci,28.2,181.5,29.8,179.7,Nubank Parque,32659
Atlético Mineiro,2019,24,10/10/2019,20:00,Quinta,Outubro,Flamengo,Derrota,1,3,Visitante,Wilton Pereira Sampaio,31.1,181.2,28.0,182.2,Estádio do Maracanã,58788
Atlético Mineiro,2019,25,13/10/2019,19:00,Domingo,Outubro,Grêmio,Derrota,1,4,Mandante,Luiz Flávio de Oliveira,28.3,178.9,29.8,181.5,Arena Independência,12974
Atlético Mineiro,2019,26,16/10/2019,19:15,Quarta,Outubro,CSA,Empate,2,2,Visitante,Savio Pereira Sampaio,29.0,181.7,30.3,179.4,Estádio Rei Pelé,13075
Atlético Mineiro,2019,27,20/10/2019,16:00,Domingo,Outubro,Santos,Vitória,2,0,Mandante,Caio Max Augusto Vieira,29.2,181.4,26.8,178.9,Arena Independência,21771
Atlético Mineiro,2019,28,27/10/2019,16:00,Domingo,Outubro,São Paulo,Derrota,0,2,Visitante,Bruno Arleu de Araujo,28.7,181.7,25.7,179.8,MorumBIS,18815
Atlético Mineiro,2019,29,30/10/2019,19:30,Quarta,Outubro,Chapecoense,Derrota,0,2,Mandante,Diego Pombo Lopez,30.1,180.5,29.4,178.7,Arena Independência,19058
Atlético Mineiro,2019,30,02/11/2019,17:00,Sábado,Novembro,Fortaleza,Empate,2,2,Visitante,Rodolpho Toski Marques,26.7,180.5,29.1,178.6,Estádio Governador Plácido Castelo,31503
Atlético Mineiro,2019,31,06/11/2019,20:00,Quarta,Novembro,Goiás,Vitória,2,0,Mandante,Thiago Duarte Peixoto,29.1,179.4,26.8,180.1,Arena Independência,38937
Atlético Mineiro,2019,32,10/11/2019,16:00,Domingo,Novembro,Cruzeiro,Empate,0,0,Visitante,Jean Pierre Goncalves Lima,28.1,180.5,29.3,181.5,Governador Magalhães Pinto,43205
Atlético Mineiro,2019,33,16/11/2019,19:00,Sábado,Novembro,Fluminense,Empate,1,1,Visitante,Leandro Pedro Vuaden,26.9,180.6,25.0,182.3,Estádio do Maracanã,24405
Atlético Mineiro,2019,34,24/11/2019,16:00,Domingo,Novembro,Athletico,Derrota,0,1,Mandante,Edina Alves Batista,28.2,179.5,25.3,181.9,Arena Independência,34432
Atlético Mineiro,2019,35,27/11/2019,21:00,Quarta,Novembro,Bahia,Empate,1,1,Visitante,Thiago Duarte Peixoto,27.9,179.2,27.5,179.0,Arena Fonte Nova,12759
Atlético Mineiro,2019,36,01/12/2019,18:00,Domingo,Dezembro,Corinthians,Vitória,2,1,Mandante,Paulo Roberto Alves Junior,27.7,180.2,27.0,178.3,Arena Independência,18062
Atlético Mineiro,2019,37,04/12/2019,19:30,Quarta,Dezembro,Botafogo,Vitória,2,0,Mandante,Leandro Pedro Vuaden,26.3,179.3,27.5,179.5,Arena Independência,27924
Atlético Mineiro,2019,38,08/12/2019,16:00,Domingo,Dezembro,Internacional,Derrota,1,2,Visitante,Savio Pereira Sampaio,28.6,183.0,28.7,178.7,Estádio Beira-Rio,18616
Atlético Mineiro,2020,1,09/08/2020,16:00,Domingo,Agosto,Flamengo,Vitória,1,0,Visitante,Raphael Claus,24.4,178.1,29.0,180.6,Estádio do Maracanã,N.A
Atlético Mineiro,2020,2,12/08/2020,19:15,Quarta,Agosto,Corinthians,Vitória,3,2,Mandante,Wagner do Nascimento Magalhaes,25.9,179.9,27.2,179.5,Arena Independência,N.A
Atlético Mineiro,2020,3,16/08/2020,11:00,Domingo,Agosto,Ceará,Vitória,2,0,Mandante,Savio Pereira Sampaio,26.5,179.2,29.7,179.9,Arena Independência,N.A
Atlético Mineiro,2020,4,19/08/2020,21:30,Quarta,Agosto,Botafogo,Derrota,1,2,Visitante,Flavio Rodrigues De Souza,25.0,178.9,25.4,182.5,Estadio Nilton Santos,N.A
Atlético Mineiro,2020,5,22/08/2020,19:00,Sábado,Agosto,Internacional,Derrota,0,1,Visitante,Luiz Flávio de Oliveira,27.9,181.6,28.2,180.0,Estádio Beira-Rio,N.A
Atlético Mineiro,2020,7,03/09/2020,20:00,Quinta,Setembro,São Paulo,Vitória,3,0,Mandante,Jean Pierre Goncalves Lima,27.3,178.6,25.8,179.5,Arena Independência,N.A
Atlético Mineiro,2020,8,06/09/2020,20:30,Domingo,Setembro,Coritiba,Vitória,1,0,Visitante,Diego Pombo Lopez,26.2,177.6,28.0,180.2,Estádio Major Antônio Couto Pereira,N.A
Atlético Mineiro,2020,9,09/09/2020,21:30,Quarta,Setembro,Santos,Derrota,1,3,Visitante,Wagner do Nascimento Magalhaes,26.1,179.5,26.0,177.5,Estádio Urbano Caldeira,N.A
Atlético Mineiro,2020,10,13/09/2020,18:00,Domingo,Setembro,Red Bull Bragantino,Vitória,2,1,Mandante,Ramon Abatti Abel,25.9,178.7,26.1,179.3,Arena Independência,N.A
Atlético Mineiro,2020,11,19/09/2020,21:00,Sábado,Setembro,Atlético Goianiense,Vitória,4,3,Visitante,Edina Alves Batista,26.7,178.1,24.9,179.4,Serra Dourada,N.A
Atlético Mineiro,2020,12,26/09/2020,21:00,Sábado,Setembro,Grêmio,Vitória,3,1,Mandante,Caio Max Augusto Vieira,25.9,178.4,28.4,178.9,Arena Independência,N.A
Atlético Mineiro,2020,13,04/10/2020,20:30,Domingo,Outubro,Vasco da Gama,Vitória,4,1,Mandante,Leandro Pedro Vuaden,26.9,178.5,26.0,179.4,Arena Independência,N.A
Atlético Mineiro,2020,14,07/10/2020,21:30,Quarta,Outubro,Fortaleza,Derrota,1,2,Visitante,Savio Pereira Sampaio,29.2,179.1,29.5,178.5,Estádio Governador Plácido Castelo,N.A
Atlético Mineiro,2020,15,10/10/2020,21:00,Sábado,Outubro,Goiás,Vitória,3,0,Mandante,Vinicius Goncalves Dias Araujo,26.5,179.6,26.7,181.8,Arena Independência,N.A
Atlético Mineiro,2020,16,14/10/2020,21:30,Quarta,Outubro,Fluminense,Empate,1,1,Mandante,Raphael Claus,26.2,179.5,26.9,180.3,Arena Independência,N.A
Atlético Mineiro,2020,17,19/10/2020,20:00,Segunda,Outubro,Bahia,Derrota,1,3,Visitante,Anderson Daronco,26.9,178.5,27.6,179.7,Arena Fonte Nova,N.A
Atlético Mineiro,2020,18,24/10/2020,21:00,Sábado,Outubro,Sport Recife,Empate,0,0,Mandante,Paulo Roberto Alves Junior,26.9,178.5,29.5,180.7,Arena Independência,N.A
Atlético Mineiro,2020,19,02/11/2020,17:00,Segunda,Novembro,Palmeiras,Derrota,0,3,Visitante,Braulio Da Silva Machado,25.7,179.5,27.4,179.5,Nubank Parque,N.A
Atlético Mineiro,2020,20,08/11/2020,18:15,Domingo,Novembro,Flamengo,Vitória,4,0,Mandante,Savio Pereira Sampaio,26.8,179.2,27.0,184.5,Governador Magalhães Pinto,N.A
Atlético Mineiro,2020,21,14/11/2020,19:00,Sábado,Novembro,Corinthians,Vitória,2,1,Visitante,Rodrigo D'alonso Ferreira,27.4,178.8,27.2,177.8,Neo Química Arena,N.A
Atlético Mineiro,2020,6,18/11/2020,19:00,Quarta,Novembro,Athletico,Derrota,0,2,Mandante,Dyorgines Jose Padovani de Andrade,25.8,180.6,25.4,180.9,Governador Magalhães Pinto,N.A
Atlético Mineiro,2020,22,22/11/2020,16:00,Domingo,Novembro,Ceará,Empate,2,2,Visitante,Raphael Claus,25.0,179.1,29.4,181.4,Estádio Governador Plácido Castelo,N.A
Atlético Mineiro,2020,23,25/11/2020,21:30,Quarta,Novembro,Botafogo,Vitória,2,1,Mandante,Savio Pereira Sampaio,26.3,178.2,25.9,180.1,Governador Magalhães Pinto,N.A
Atlético Mineiro,2020,24,06/12/2020,18:15,Domingo,Dezembro,Internacional,Empate,2,2,Mandante,Bruno Arleu de Araujo,27.8,179.4,28.4,181.5,Governador Magalhães Pinto,N.A
Atlético Mineiro,2020,25,12/12/2020,17:00,Sábado,Dezembro,Athletico,Vitória,1,0,Visitante,Vinicius Goncalves Dias Araujo,26.4,176.6,24.9,180.9,Arena da Baixada,N.A
Atlético Mineiro,2020,26,16/12/2020,21:30,Quarta,Dezembro,São Paulo,Derrota,0,3,Visitante,Wilton Pereira Sampaio,26.0,178.3,28.0,179.5,MorumBIS,N.A
Atlético Mineiro,2020,27,26/12/2020,17:00,Sábado,Dezembro,Coritiba,Vitória,2,0,Mandante,Dyorgines Jose Padovani de Andrade,27.5,178.1,28.7,177.7,Governador Magalhães Pinto,N.A
Atlético Mineiro,2020,29,11/01/2021,20:00,Segunda,Janeiro,Red Bull Bragantino,Empate,2,2,Visitante,Caio Max Augusto Vieira,27.4,177.9,25.4,180.5,Estádio Nabi Abi Chedid,N.A
Atlético Mineiro,2020,30,17/01/2021,18:15,Domingo,Janeiro,Atlético Goianiense,Vitória,3,1,Mandante,Braulio Da Silva Machado,27.7,178.3,26.1,179.9,Governador Magalhães Pinto,N.A
Atlético Mineiro,2020,31,20/01/2021,19:15,Quarta,Janeiro,Grêmio,Empate,1,1,Visitante,Raphael Claus,27.7,179.4,28.6,182.3,Arena do Grêmio,N.A
Atlético Mineiro,2020,32,23/01/2021,21:00,Sábado,Janeiro,Vasco da Gama,Derrota,2,3,Visitante,Vinicius Goncalves Dias Araujo,26.8,177.3,28.3,179.1,Estádio São Januário,N.A
Atlético Mineiro,2020,28,26/01/2021,20:00,Terça,Janeiro,Santos,Vitória,2,0,Mandante,Paulo Roberto Alves Junior,27.7,178.5,24.0,181.8,Governador Magalhães Pinto,N.A
Atlético Mineiro,2020,33,31/01/2021,17:00,Domingo,Janeiro,Fortaleza,Vitória,2,0,Mandante,Leandro Pedro Vuaden,27.6,178.2,28.8,179.9,Governador Magalhães Pinto,N.A
Atlético Mineiro,2020,34,03/02/2021,21:30,Quarta,Fevereiro,Goiás,Derrota,0,1,Visitante,Bruno Arleu de Araujo,27.5,178.5,24.9,183.4,Serra Dourada,N.A
Atlético Mineiro,2020,35,10/02/2021,21:30,Quarta,Fevereiro,Fluminense,Empate,0,0,Visitante,Luiz Flávio de Oliveira,27.2,177.8,28.8,180.5,Estádio do Maracanã,N.A
Atlético Mineiro,2020,36,13/02/2021,19:00,Sábado,Fevereiro,Bahia,Empate,1,1,Mandante,Raphael Claus,26.9,179.8,27.8,180.4,Governador Magalhães Pinto,N.A
Atlético Mineiro,2020,37,21/02/2021,16:00,Domingo,Fevereiro,Sport Recife,Vitória,3,2,Visitante,Rodolpho Toski Marques,27.0,178.0,27.3,181.8,Ilha do Retiro,N.A
Atlético Mineiro,2020,38,25/02/2021,21:30,Quinta,Fevereiro,Palmeiras,Vitória,2,0,Mandante,Heber Roberto Lopes,26.0,179.5,23.7,179.6,Governador Magalhães Pinto,N.A
Atlético Mineiro,2021,1,30/05/2021,11:00,Domingo,Maio,Fortaleza,Derrota,1,2,Mandante,Caio Max Augusto Vieira,27.1,180.3,28.7,181.9,Governador Magalhães Pinto,N.A
Atlético Mineiro,2021,2,06/06/2021,20:30,Domingo,Junho,Sport Recife,Vitória,1,0,Visitante,Raphael Claus,29.8,180.3,27.3,181.4,Ilha do Retiro,N.A
Atlético Mineiro,2021,3,13/06/2021,16:00,Domingo,Junho,São Paulo,Vitória,1,0,Mandante,Anderson Daronco,28.9,180.4,27.8,181.2,Governador Magalhães Pinto,N.A
Atlético Mineiro,2021,4,16/06/2021,19:00,Quarta,Junho,Internacional,Vitória,1,0,Visitante,Luiz Flávio de Oliveira,28.1,179.2,26.8,181.0,Estádio Beira-Rio,N.A
Atlético Mineiro,2021,5,21/06/2021,20:00,Segunda,Junho,Chapecoense,Empate,1,1,Mandante,Rodolpho Toski Marques,28.7,178.9,26.1,181.9,Governador Magalhães Pinto,N.A
Atlético Mineiro,2021,6,24/06/2021,19:00,Quinta,Junho,Ceará,Derrota,1,2,Visitante,Leandro Pedro Vuaden,27.4,177.4,26.6,181.5,Estádio Governador Plácido Castelo,N.A
Atlético Mineiro,2021,7,27/06/2021,20:30,Domingo,Junho,Santos,Derrota,0,2,Visitante,Bruno Arleu de Araujo,28.7,178.9,25.6,177.9,Estádio Urbano Caldeira,N.A
Atlético Mineiro,2021,8,01/07/2021,19:00,Quinta,Julho,Atlético Goianiense,Vitória,4,1,Mandante,Flavio Rodrigues De Souza,29.2,181.4,26.9,179.1,Governador Magalhães Pinto,N.A
Atlético Mineiro,2021,9,04/07/2021,18:15,Domingo,Julho,Cuiabá,Vitória,1,0,Visitante,Savio Pereira Sampaio,29.1,179.7,29.1,182.5,Estádio Eurico Gaspar Dutra,N.A
Atlético Mineiro,2021,10,07/07/2021,19:00,Quarta,Julho,Flamengo,Vitória,2,1,Mandante,Paulo Roberto Alves Junior,28.7,179.3,28.7,180.1,Governador Magalhães Pinto,N.A
Atlético Mineiro,2021,11,10/07/2021,19:00,Sábado,Julho,América Mineiro,Vitória,1,0,Visitante,Anderson Daronco,26.7,178.5,28.6,181.5,Arena Independência,N.A
Atlético Mineiro,2021,12,17/07/2021,19:00,Sábado,Julho,Corinthians,Vitória,2,1,Visitante,Jean Pierre Goncalves Lima,28.3,178.7,29.1,180.0,Neo Química Arena,N.A
Atlético Mineiro,2021,13,25/07/2021,11:00,Domingo,Julho,Bahia,Vitória,3,0,Mandante,Antonio Dib Moraes de Sousa,27.7,179.3,27.9,179.9,Governador Magalhães Pinto,N.A
Atlético Mineiro,2021,14,01/08/2021,16:00,Domingo,Agosto,Athletico,Vitória,2,0,Mandante,Braulio Da Silva Machado,28.3,177.8,27.1,180.1,Governador Magalhães Pinto,N.A
Atlético Mineiro,2021,15,08/08/2021,16:00,Domingo,Agosto,Juventude,Vitória,2,1,Visitante,Andre Luiz de Freitas Castro,27.4,179.7,27.0,178.9,Estádio Alfredo Jaconi,N.A
Atlético Mineiro,2021,16,14/08/2021,19:00,Sábado,Agosto,Palmeiras,Vitória,2,0,Mandante,Bruno Arleu de Araujo,29.3,179.3,26.3,179.3,Governador Magalhães Pinto,N.A
Atlético Mineiro,2021,17,23/08/2021,20:00,Segunda,Agosto,Fluminense,Empate,1,1,Visitante,Flavio Rodrigues De Souza,27.5,178.0,27.5,179.4,Estádio do Maracanã,N.A
Atlético Mineiro,2021,18,29/08/2021,20:30,Domingo,Agosto,Red Bull Bragantino,Empate,1,1,Visitante,Ramon Abatti Abel,29.0,178.6,24.5,180.5,Estádio Nabi Abi Chedid,N.A
Atlético Mineiro,2021,20,12/09/2021,16:00,Domingo,Setembro,Fortaleza,Vitória,2,0,Visitante,Braulio Da Silva Machado,28.9,179.2,28.4,180.1,Estádio Governador Plácido Castelo,N.A
Atlético Mineiro,2021,21,18/09/2021,19:00,Sábado,Setembro,Sport Recife,Vitória,3,0,Mandante,Vinicius Goncalves Dias Araujo,28.1,178.9,28.0,182.0,Governador Magalhães Pinto,N.A
Atlético Mineiro,2021,22,25/09/2021,21:00,Sábado,Setembro,São Paulo,Empate,0,0,Visitante,Wilton Pereira Sampaio,28.1,179.6,26.3,178.8,MorumBIS,N.A
Atlético Mineiro,2021,23,02/10/2021,21:00,Sábado,Outubro,Internacional,Vitória,1,0,Mandante,Luiz Flávio de Oliveira,28.7,179.0,28.4,181.4,Governador Magalhães Pinto,N.A
Atlético Mineiro,2021,24,06/10/2021,19:00,Quarta,Outubro,Chapecoense,Empate,2,2,Visitante,Andre Luiz de Freitas Castro,27.8,180.0,26.2,181.3,Arena Condá,733
Atlético Mineiro,2021,25,09/10/2021,16:30,Sábado,Outubro,Ceará,Vitória,3,1,Mandante,Jefferson Ferreira de Moraes,28.0,179.2,27.0,182.4,Governador Magalhães Pinto,10265
Atlético Mineiro,2021,26,13/10/2021,19:00,Quarta,Outubro,Santos,Vitória,3,1,Mandante,Paulo Roberto Alves Junior,28.9,180.2,26.4,179.7,Governador Magalhães Pinto,16514
Atlético Mineiro,2021,27,17/10/2021,18:15,Domingo,Outubro,Atlético Goianiense,Derrota,1,2,Visitante,Raphael Claus,28.0,178.5,26.9,179.5,Estádio Antônio Accioly,2963
Atlético Mineiro,2021,28,24/10/2021,16:00,Domingo,Outubro,Cuiabá,Vitória,2,1,Mandante,Savio Pereira Sampaio,27.9,178.7,28.4,180.6,Governador Magalhães Pinto,30501
Atlético Mineiro,2021,29,30/10/2021,19:00,Sábado,Outubro,Flamengo,Derrota,0,1,Visitante,Anderson Daronco,27.9,178.7,28.6,180.4,Estádio do Maracanã,20000
Atlético Mineiro,2021,19,03/11/2021,21:00,Quarta,Novembro,Grêmio,Vitória,2,1,Mandante,Luiz Flávio de Oliveira,29.3,180.5,29.1,181.1,Governador Magalhães Pinto,55624
Atlético Mineiro,2021,30,07/11/2021,16:00,Domingo,Novembro,América Mineiro,Vitória,1,0,Mandante,Wilton Pereira Sampaio,28.6,177.7,30.7,180.6,Governador Magalhães Pinto,60142
Atlético Mineiro,2021,31,10/11/2021,19:00,Quarta,Novembro,Corinthians,Vitória,3,0,Mandante,Braulio Da Silva Machado,30.1,179.9,29.7,179.2,Governador Magalhães Pinto,58714
Atlético Mineiro,2021,33,16/11/2021,16:00,Terça,Novembro,Athletico,Vitória,1,0,Visitante,Savio Pereira Sampaio,29.3,179.9,23.5,179.1,Arena da Baixada,6233
Atlético Mineiro,2021,34,20/11/2021,19:00,Sábado,Novembro,Juventude,Vitória,2,0,Mandante,Luiz Flávio de Oliveira,29.9,180.2,29.1,179.4,Governador Magalhães Pinto,61476
Atlético Mineiro,2021,35,23/11/2021,21:30,Terça,Novembro,Palmeiras,Empate,2,2,Visitante,Anderson Daronco,28.1,179.9,26.0,180.8,Nubank Parque,17744
Atlético Mineiro,2021,36,28/11/2021,16:00,Domingo,Novembro,Fluminense,Vitória,2,1,Mandante,Marielson Alves Silva,29.2,179.5,28.0,179.6,Governador Magalhães Pinto,59900
Atlético Mineiro,2021,32,02/12/2021,18:00,Quinta,Dezembro,Bahia,Vitória,3,2,Visitante,Flavio Rodrigues De Souza,29.9,179.1,29.0,180.3,Arena Fonte Nova,29415
Atlético Mineiro,2021,37,05/12/2021,16:00,Domingo,Dezembro,Red Bull Bragantino,Vitória,4,3,Mandante,Rodolpho Toski Marques,28.8,179.5,24.3,181.5,Governador Magalhães Pinto,61573
Atlético Mineiro,2021,38,09/12/2021,21:30,Quinta,Dezembro,Grêmio,Derrota,3,4,Visitante,Raphael Claus,26.3,178.0,28.0,180.4,Arena do Grêmio,33577
Atlético Mineiro,2022,1,10/04/2022,16:00,Domingo,Abril,Internacional,Vitória,2,0,Mandante,Bruno Arleu de Araujo,28.5,177.5,26.8,178.9,Governador Magalhães Pinto,37531
Atlético Mineiro,2022,2,17/04/2022,18:00,Domingo,Abril,Athletico,Vitória,1,0,Visitante,Wilton Pereira Sampaio,27.8,178.3,24.7,181.0,Arena da Baixada,17305
Atlético Mineiro,2022,3,23/04/2022,21:00,Sábado,Abril,Coritiba,Empate,2,2,Mandante,Savio Pereira Sampaio,30.5,179.8,27.8,181.8,Governador Magalhães Pinto,19974
Atlético Mineiro,2022,4,30/04/2022,18:30,Sábado,Abril,Goiás,Empate,2,2,Visitante,Bruno Arleu de Araujo,28.6,178.8,28.0,180.0,Estádio da Serrinha,10165
Atlético Mineiro,2022,5,07/05/2022,16:30,Sábado,Maio,América Mineiro,Derrota,1,2,Mandante,Wilton Pereira Sampaio,28.7,179.6,30.4,178.1,Governador Magalhães Pinto,14629
Atlético Mineiro,2022,7,11/05/2022,20:30,Quarta,Maio,Red Bull Bragantino,Empate,1,1,Visitante,Braulio Da Silva Machado,27.9,178.1,23.4,179.2,Estádio Nabi Abi Chedid,5222
Atlético Mineiro,2022,6,14/05/2022,19:00,Sábado,Maio,Atlético Goianiense,Vitória,2,0,Mandante,Anderson Daronco,28.4,178.7,26.1,180.1,Governador Magalhães Pinto,20749
Atlético Mineiro,2022,8,29/05/2022,19:00,Domingo,Maio,Avaí,Vitória,2,1,Mandante,Jefferson Ferreira de Moraes,30.6,180.3,28.1,180.5,Governador Magalhães Pinto,31551
Atlético Mineiro,2022,9,05/06/2022,16:00,Domingo,Junho,Palmeiras,Empate,0,0,Visitante,Wilton Pereira Sampaio,29.3,179.3,28.2,178.0,Nubank Parque,40235
Atlético Mineiro,2022,10,08/06/2022,21:30,Quarta,Junho,Fluminense,Derrota,3,5,Visitante,Leandro Pedro Vuaden,29.3,179.3,30.5,178.4,Estádio do Maracanã,16143
Atlético Mineiro,2022,11,11/06/2022,19:00,Sábado,Junho,Santos,Empate,1,1,Mandante,Marcelo de Lima Henrique,29.1,180.1,25.4,182.8,Governador Magalhães Pinto,26501
Atlético Mineiro,2022,12,15/06/2022,19:00,Quarta,Junho,Ceará,Empate,0,0,Visitante,Luiz Flávio de Oliveira,29.1,180.0,29.3,182.2,Estádio Governador Plácido Castelo,26774
Atlético Mineiro,2022,13,19/06/2022,16:00,Domingo,Junho,Flamengo,Vitória,2,0,Mandante,Raphael Claus,30.4,179.5,27.9,178.6,Governador Magalhães Pinto,55373
Atlético Mineiro,2022,14,25/06/2022,21:00,Sábado,Junho,Fortaleza,Vitória,3,2,Mandante,Jean Pierre Goncalves Lima,26.7,180.3,28.5,179.0,Governador Magalhães Pinto,30003
Atlético Mineiro,2022,15,02/07/2022,16:30,Sábado,Julho,Juventude,Vitória,2,1,Visitante,Flavio Rodrigues De Souza,29.0,179.0,29.5,179.2,Estádio Alfredo Jaconi,6565
Atlético Mineiro,2022,16,10/07/2022,18:00,Domingo,Julho,São Paulo,Empate,0,0,Mandante,Anderson Daronco,28.4,179.3,27.7,179.5,Governador Magalhães Pinto,52356
Atlético Mineiro,2022,17,17/07/2022,18:00,Domingo,Julho,Botafogo,Vitória,1,0,Visitante,Raphael Claus,29.9,179.9,26.5,180.0,Estádio Nilton Santos,8678
Atlético Mineiro,2022,18,21/07/2022,19:00,Quinta,Julho,Cuiabá,Empate,1,1,Visitante,Jean Pierre Goncalves Lima,27.6,179.8,28.1,180.0,Arena Pantanal,18584
Atlético Mineiro,2022,19,24/07/2022,18:00,Domingo,Julho,Corinthians,Derrota,1,2,Mandante,Ramon Abatti Abel,29.9,179.8,27.7,179.2,Governador Magalhães Pinto,55706
Atlético Mineiro,2022,20,31/07/2022,16:00,Domingo,Julho,Internacional,Derrota,0,3,Visitante,Flavio Rodrigues De Souza,30.0,179.2,28.0,177.1,Estádio Beira-Rio,39451
Atlético Mineiro,2022,21,07/08/2022,19:00,Domingo,Agosto,Athletico,Derrota,2,3,Mandante,Braulio Da Silva Machado,28.3,178.0,23.6,182.0,Governador Magalhães Pinto,25119
Atlético Mineiro,2022,22,14/08/2022,11:00,Domingo,Agosto,Coritiba,Vitória,1,0,Visitante,Marcelo de Lima Henrique,29.2,177.9,29.3,180.9,Estádio Major Antônio Couto Pereira,17608
Atlético Mineiro,2022,23,20/08/2022,16:30,Sábado,Agosto,Goiás,Derrota,0,1,Mandante,Vinicius Goncalves Dias Araujo,29.7,178.3,27.3,178.6,Governador Magalhães Pinto,31650
Atlético Mineiro,2022,24,28/08/2022,16:00,Domingo,Agosto,América Mineiro,Empate,1,1,Visitante,Ramon Abatti Abel,29.9,178.6,30.7,180.5,Arena Independência,7016
Atlético Mineiro,2022,25,04/09/2022,18:00,Domingo,Setembro,Atlético Goianiense,Vitória,2,0,Visitante,Luiz Flávio de Oliveira,30.8,180.0,27.9,181.7,Estádio Antônio Accioly,7083
Atlético Mineiro,2022,26,07/09/2022,17:00,Quarta,Setembro,Red Bull Bragantino,Empate,1,1,Mandante,Jean Pierre Goncalves Lima,27.8,177.2,24.7,179.5,Governador Magalhães Pinto,35
Atlético Mineiro,2022,27,17/09/2022,16:30,Sábado,Setembro,Avaí,Derrota,0,1,Visitante,Andre Luiz de Freitas Castro,28.7,178.5,30.5,180.4,Estádio da Ressacada,5081
Atlético Mineiro,2022,28,28/09/2022,21:45,Quarta,Setembro,Palmeiras,Derrota,0,1,Mandante,Marcelo de Lima Henrique,30.2,178.3,28.8,179.5,Governador Magalhães Pinto,28644
Atlético Mineiro,2022,29,01/10/2022,15:00,Sábado,Outubro,Fluminense,Vitória,2,0,Mandante,Luiz Flávio de Oliveira,29.5,177.8,29.5,178.5,Governador Magalhães Pinto,20858
Atlético Mineiro,2022,30,05/10/2022,21:30,Quarta,Outubro,Santos,Vitória,2,1,Visitante,Bruno Arleu de Araujo,28.7,177.2,25.9,178.3,Estádio Urbano Caldeira,9278
Atlético Mineiro,2022,31,09/10/2022,18:00,Domingo,Outubro,Ceará,Empate,0,0,Mandante,Flavio Rodrigues De Souza,29.4,177.8,30.3,182.2,Governador Magalhães Pinto,34718
Atlético Mineiro,2022,32,15/10/2022,20:30,Sábado,Outubro,Flamengo,Derrota,0,1,Visitante,Ramon Abatti Abel,29.4,178.4,25.9,179.7,Estádio do Maracanã,51179
Atlético Mineiro,2022,33,24/10/2022,20:00,Segunda,Outubro,Fortaleza,Empate,0,0,Visitante,Raphael Claus,27.7,177.8,30.6,180.3,Estádio Governador Plácido Castelo,43.660
Atlético Mineiro,2022,34,27/10/2022,19:30,Quinta,Outubro,Juventude,Vitória,1,0,Mandante,Savio Pereira Sampaio,29.5,178.2,28.4,179.3,Governador Magalhães Pinto,18.298
Atlético Mineiro,2022,35,01/11/2022,21:30,Terça,Novembro,São Paulo,Empate,2,2,Visitante,Braulio Da Silva Machado,29.0,177.6,28.1,178.9,MorumBIS,23.835
Atlético Mineiro,2022,36,07/11/2022,20:00,Segunda,Novembro,Botafogo,Derrota,0,2,Mandante,Leandro Pedro Vuaden,31.4,179.5,29.3,182.5,Governador Magalhães Pinto,31160
Atlético Mineiro,2022,37,10/11/2022,20:00,Quinta,Novembro,Cuiabá,Vitória,3,0,Mandante,Bruno Arleu de Araujo,31.6,179.6,27.7,181.6,Governador Magalhães Pinto,28.824
Atlético Mineiro,2022,38,13/11/2022,16:00,Domingo,Novembro,Corinthians,Vitória,1,0,Visitante,Braulio Da Silva Machado,31.4,179.5,28.1,179.9,Neo Química Arena,43.414
Atlético Mineiro,2023,1,15/04/2023,21:00,Sábado,Abril,Vasco da Gama,Derrota,1,2,Mandante,Raphael Claus,28.5,178.3,25.4,180.4,Governador Magalhães Pinto,34980
Atlético Mineiro,2023,2,23/04/2023,16:00,Domingo,Abril,Santos,Empate,0,0,Visitante,Braulio Da Silva Machado,28.4,179.4,24.9,179.8,Estádio Urbano Caldeira,11233
Atlético Mineiro,2023,3,29/04/2023,21:00,Sábado,Abril,Athletico,Vitória,2,1,Mandante,Ramon Abatti Abel,29.0,178.8,25.0,181.0,Governador Magalhães Pinto,15037
Atlético Mineiro,2023,4,07/05/2023,18:30,Domingo,Maio,Botafogo,Derrota,0,2,Visitante,Flavio Rodrigues De Souza,30.0,180.0,26.9,183.0,Estádio Nilton Santos,18218
Atlético Mineiro,2023,5,10/05/2023,20:00,Quarta,Maio,Cuiabá,Vitória,4,0,Visitante,Wilton Pereira Sampaio,29.9,180.1,28.4,180.7,Arena Pantanal,12029
Atlético Mineiro,2023,6,13/05/2023,21:00,Sábado,Maio,Internacional,Vitória,2,0,Mandante,Raphael Claus,29.0,178.6,27.1,180.3,Governador Magalhães Pinto,36080
Atlético Mineiro,2023,7,20/05/2023,18:30,Sábado,Maio,Coritiba,Vitória,2,1,Visitante,Rodrigo Jose Pereira de Lima,30.4,180.5,28.1,181.5,Estádio Major Antônio Couto Pereira,20047
Atlético Mineiro,2023,8,28/05/2023,18:30,Domingo,Maio,Palmeiras,Empate,1,1,Mandante,Braulio Da Silva Machado,29.3,179.1,28.7,177.1,Governador Magalhães Pinto,53236
Atlético Mineiro,2023,9,03/06/2023,18:30,Sábado,Junho,Cruzeiro,Vitória,1,0,Visitante,Savio Pereira Sampaio,29.6,179.9,28.6,180.8,Parque do Sabiá,34344
Atlético Mineiro,2023,10,10/06/2023,18:30,Sábado,Junho,Red Bull Bragantino,Empate,1,1,Mandante,Rafael Rodrigo Klein,28.7,179.7,24.6,180.4,Governador Magalhães Pinto,28786
Atlético Mineiro,2023,11,21/06/2023,21:30,Quarta,Junho,Fluminense,Empate,1,1,Visitante,Ramon Abatti Abel,29.6,179.6,31.0,180.2,Estádio Raulino de Oliveira,7788
Atlético Mineiro,2023,12,24/06/2023,18:30,Sábado,Junho,Fortaleza,Derrota,1,2,Visitante,Leandro Pedro Vuaden,29.0,179.7,30.0,179.0,Estádio Governador Plácido Castelo,27109
Atlético Mineiro,2023,13,02/07/2023,16:00,Domingo,Julho,América Mineiro,Empate,2,2,Mandante,Wilton Pereira Sampaio,30.4,180.0,30.1,181.9,Governador Magalhães Pinto,34507
Atlético Mineiro,2023,14,08/07/2023,18:30,Sábado,Julho,Corinthians,Derrota,0,1,Mandante,Rodrigo Jose Pereira de Lima,29.9,180.8,27.5,182.2,Governador Magalhães Pinto,21086
Atlético Mineiro,2023,15,17/07/2023,20:00,Segunda,Julho,Goiás,Empate,0,0,Visitante,Raphael Claus,29.1,180.0,28.5,180.5,Estádio da Serrinha,12303
Atlético Mineiro,2023,16,22/07/2023,21:00,Sábado,Julho,Grêmio,Derrota,0,1,Visitante,Luiz Flávio de Oliveira,29.2,180.9,27.3,182.6,Arena do Grêmio,37085
Atlético Mineiro,2023,17,29/07/2023,21:00,Sábado,Julho,Flamengo,Derrota,1,2,Mandante,Flavio Rodrigues De Souza,29.4,179.6,27.3,182.7,Governador Magalhães Pinto,22441
Atlético Mineiro,2023,18,06/08/2023,16:00,Domingo,Agosto,São Paulo,Vitória,2,0,Visitante,Rodrigo Jose Pereira de Lima,29.0,179.9,26.7,180.5,MorumBIS,53460
Atlético Mineiro,2023,19,13/08/2023,11:00,Domingo,Agosto,Bahia,Vitória,1,0,Mandante,Savio Pereira Sampaio,29.9,180.2,28.9,181.4,Governador Magalhães Pinto,29847
Atlético Mineiro,2023,20,20/08/2023,11:00,Domingo,Agosto,Vasco da Gama,Derrota,0,1,Visitante,Braulio Da Silva Machado,29.8,180.8,27.2,180.4,Estádio São Januário,53540
Atlético Mineiro,2023,21,27/08/2023,16:00,Domingo,Agosto,Santos,Vitória,2,0,Mandante,Rafael Rodrigo Klein,30.0,179.3,28.1,179.6,Arena MRV,29782
Atlético Mineiro,2023,22,02/09/2023,16:00,Sábado,Setembro,Athletico,Empate,1,1,Visitante,Flavio Rodrigues De Souza,29.9,178.5,27.7,183.1,Arena da Baixada,18009
Atlético Mineiro,2023,23,16/09/2023,21:00,Sábado,Setembro,Botafogo,Vitória,1,0,Mandante,Ramon Abatti Abel,29.2,180.3,30.4,183.2,Governador Magalhães Pinto,31729
Atlético Mineiro,2023,24,23/09/2023,21:00,Sábado,Setembro,Cuiabá,Vitória,1,0,Mandante,Rodrigo Jose Pereira de Lima,29.5,179.8,29.6,180.7,Arena MRV,36104
Atlético Mineiro,2023,25,30/09/2023,21:00,Sábado,Setembro,Internacional,Vitória,2,0,Visitante,Ramon Abatti Abel,29.9,180.0,27.7,181.5,Estádio Beira-Rio,23937
Atlético Mineiro,2023,26,08/10/2023,18:30,Domingo,Outubro,Coritiba,Derrota,1,2,Mandante,Marcelo de Lima Henrique,28.8,179.5,29.9,182.8,Governador Magalhães Pinto,38350
Atlético Mineiro,2023,27,19/10/2023,19:00,Quinta,Outubro,Palmeiras,Vitória,2,0,Visitante,Bruno Arleu de Araujo,28.0,179.8,27.0,178.7,Nubank Parque,27718
Atlético Mineiro,2023,28,22/10/2023,16:00,Domingo,Outubro,Cruzeiro,Derrota,0,1,Mandante,Ramon Abatti Abel,28.0,179.8,28.5,179.7,Governador Magalhães Pinto,42058
Atlético Mineiro,2023,29,25/10/2023,19:00,Quarta,Outubro,Red Bull Bragantino,Vitória,2,1,Visitante,Marcelo de Lima Henrique,28.3,179.1,25.8,180.9,Estádio Nabi Abi Chedid,5494
Atlético Mineiro,2023,30,28/10/2023,21:00,Sábado,Outubro,Fluminense,Vitória,2,0,Mandante,Raphael Claus,28.4,178.9,28.8,178.5,Arena MRV,23003
Atlético Mineiro,2023,31,01/11/2023,21:30,Quarta,Novembro,Fortaleza,Vitória,3,1,Mandante,Matheus Delgado Candançan,28.4,178.9,29.8,178.7,Governador Magalhães Pinto,28898
Atlético Mineiro,2023,32,04/11/2023,19:30,Sábado,Novembro,América Mineiro,Empate,1,1,Visitante,Rodrigo Jose Pereira de Lima,28.4,178.9,30.8,179.4,Arena Independência,5706
Atlético Mineiro,2023,33,09/11/2023,19:00,Quinta,Novembro,Corinthians,Empate,1,1,Visitante,Braulio Da Silva Machado,27.6,178.5,30.1,183.1,Neo Química Arena,30348
Atlético Mineiro,2023,34,12/11/2023,18:30,Domingo,Novembro,Goiás,Vitória,2,1,Mandante,Marcelo de Lima Henrique,27.4,180.2,28.6,181.8,Arena MRV,29173
Atlético Mineiro,2023,35,26/11/2023,16:00,Domingo,Novembro,Grêmio,Vitória,3,0,Mandante,Braulio Da Silva Machado,29.5,179.4,28.8,181.8,Arena MRV,39337
Atlético Mineiro,2023,36,29/11/2023,19:30,Quarta,Novembro,Flamengo,Vitória,3,0,Visitante,Ramon Abatti Abel,29.5,179.4,27.6,182.5,Estádio do Maracanã,65305
Atlético Mineiro,2023,37,02/12/2023,21:00,Sábado,Dezembro,São Paulo,Vitória,2,1,Mandante,Savio Pereira Sampaio,30.9,180.4,29.2,179.8,Arena MRV,53856
Atlético Mineiro,2023,38,06/12/2023,21:30,Quarta,Dezembro,Bahia,Derrota,1,4,Visitante,Ramon Abatti Abel,30.4,179.5,27.6,181.5,Arena Fonte Nova,28019
Atlético Mineiro,2024,1,14/04/2024,16:00,Domingo,Abril,Corinthians,Empate,0,0,Visitante,Yuri Elino Ferreira Da Cruz,29.7,180.5,28.0,182.1,Neo Química Arena,44285
Atlético Mineiro,2024,2,17/04/2024,20:00,Quarta,Abril,Criciúma,Empate,1,1,Mandante,Paulo Belence Alves Dos Prazeres Filho,28.8,180.5,31.2,181.9,Arena MRV,21726
Atlético Mineiro,2024,3,20/04/2024,21:00,Sábado,Abril,Cruzeiro,Vitória,3,0,Mandante,Ramon Abatti Abel,30.0,178.9,28.5,179.5,Arena MRV,39541
Atlético Mineiro,2024,4,27/04/2024,18:30,Sábado,Abril,Cuiabá,Vitória,3,0,Visitante,Savio Pereira Sampaio,27.9,179.5,28.0,182.8,Arena Pantanal,6711
Atlético Mineiro,2024,5,04/05/2024,16:00,Sábado,Maio,Fluminense,Empate,2,2,Visitante,Raphael Claus,30.0,178.9,32.5,178.3,Estádio do Maracanã,5168
Atlético Mineiro,2024,7,02/06/2024,16:00,Domingo,Junho,Bahia,Empate,1,1,Mandante,Bruno Arleu de Araujo,28.4,180.4,28.4,180.5,Arena MRV,37994
Atlético Mineiro,2024,8,11/06/2024,21:30,Terça,Junho,Red Bull Bragantino,Vitória,2,1,Visitante,Rafael Rodrigo Klein,26.2,181.6,25.0,181.5,Estádio Nabi Abi Chedid,4617
Atlético Mineiro,2024,9,17/06/2024,20:30,Segunda,Junho,Palmeiras,Derrota,0,4,Mandante,Rodrigo Jose Pereira de Lima,26.8,181.6,27.3,179.5,Arena MRV,28251
Atlético Mineiro,2024,10,20/06/2024,18:30,Quinta,Junho,Vitória,Derrota,2,4,Visitante,Marcelo de Lima Henrique,26.4,181.4,27.3,178.0,Estádio Manoel Barradas,15044
Atlético Mineiro,2024,11,23/06/2024,18:30,Domingo,Junho,Fortaleza,Empate,1,1,Mandante,Flavio Rodrigues De Souza,27.9,182.6,30.0,179.2,Arena MRV,20089
Atlético Mineiro,2024,12,26/06/2024,21:30,Quarta,Junho,Internacional,Vitória,2,1,Visitante,Luiz Flávio de Oliveira,28.3,181.6,29.3,180.0,Estádio Beira-Rio,9978
Atlético Mineiro,2024,13,30/06/2024,11:00,Domingo,Junho,Atlético Goianiense,Empate,1,1,Mandante,Jonathan Benkenstein Pinheiro,26.8,182.6,26.6,183.0,Arena MRV,36099
Atlético Mineiro,2024,14,03/07/2024,21:30,Quarta,Julho,Flamengo,Derrota,2,4,Mandante,Ramon Abatti Abel,26.5,182.2,28.6,184.5,Arena MRV,33993
Atlético Mineiro,2024,15,07/07/2024,20:30,Domingo,Julho,Botafogo,Derrota,0,3,Visitante,Rafael Rodrigo Klein,27.4,182.2,29.8,184.8,Estádio Nilton Santos,21582
Atlético Mineiro,2024,16,11/07/2024,21:30,Quinta,Julho,São Paulo,Vitória,2,1,Mandante,Marcelo de Lima Henrique,29.6,179.8,30.4,179.6,Arena MRV,28772
Atlético Mineiro,2024,17,16/07/2024,19:00,Terça,Julho,Juventude,Empate,1,1,Visitante,Alex Gomes Stefano,29.2,178.6,28.6,180.5,Estádio Alfredo Jaconi,9788
Atlético Mineiro,2024,18,21/07/2024,16:00,Domingo,Julho,Vasco da Gama,Vitória,2,0,Mandante,Raphael Claus,29.1,179.9,27.7,181.2,Arena MRV,42353
Atlético Mineiro,2024,20,28/07/2024,19:00,Domingo,Julho,Corinthians,Vitória,2,1,Mandante,Bruno Arleu de Araujo,29.2,180.1,27.9,180.5,Arena MRV,44048
Atlético Mineiro,2024,21,03/08/2024,20:00,Sábado,Agosto,Criciúma,Derrota,1,2,Visitante,Jonathan Benkenstein Pinheiro,29.6,177.9,30.9,182.9,Estádio Heriberto Hülse,15642
Atlético Mineiro,2024,22,10/08/2024,21:30,Sábado,Agosto,Cruzeiro,Empate,0,0,Visitante,Raphael Claus,28.4,179.9,27.5,179.8,Governador Magalhães Pinto,61583
Atlético Mineiro,2024,23,17/08/2024,16:00,Sábado,Agosto,Cuiabá,Empate,1,1,Mandante,Davi de Oliveira Lacerda,28.3,180.8,28.0,183.9,Arena MRV,36290
Atlético Mineiro,2024,24,24/08/2024,21:00,Sábado,Agosto,Fluminense,Derrota,0,2,Mandante,Flavio Rodrigues De Souza,29.1,180.4,30.8,179.4,Arena MRV,32068
Atlético Mineiro,2024,25,01/09/2024,11:00,Domingo,Setembro,Grêmio,Vitória,3,2,Visitante,Raphael Claus,30.4,179.4,29.1,178.0,Arena do Grêmio,27442
Atlético Mineiro,2024,26,15/09/2024,18:30,Domingo,Setembro,Bahia,Derrota,0,3,Visitante,Rafael Rodrigo Klein,28.4,183.0,28.7,180.5,Arena Fonte Nova,26420
Atlético Mineiro,2024,27,22/09/2024,16:00,Domingo,Setembro,Red Bull Bragantino,Vitória,3,0,Mandante,Lucas Paulo Torezin,27.9,181.8,26.1,180.6,Arena MRV,34533
Atlético Mineiro,2024,28,28/09/2024,18:30,Sábado,Setembro,Palmeiras,Derrota,1,2,Visitante,Bruno Arleu de Araujo,29.7,182.9,27.1,181.3,Estádio Brinco de Ouro da Princesa,16040
Atlético Mineiro,2024,29,05/10/2024,16:30,Sábado,Outubro,Vitória,Empate,2,2,Mandante,Matheus Delgado Candançan,28.5,182.5,27.7,177.8,Arena MRV,34910
Atlético Mineiro,2024,6,09/10/2024,19:30,Quarta,Outubro,Grêmio,Vitória,2,1,Mandante,Luiz Flávio de Oliveira,29.3,181.3,29.8,179.5,Arena MRV,22053
Atlético Mineiro,2024,30,16/10/2024,21:45,Quarta,Outubro,Fortaleza,Empate,1,1,Visitante,Rafael Rodrigo Klein,27.8,183.8,31.6,178.7,Estádio Governador Plácido Castelo,23046
Atlético Mineiro,2024,31,26/10/2024,19:00,Sábado,Outubro,Internacional,Derrota,1,3,Mandante,Marcelo de Lima Henrique,28.2,182.9,26.0,178.3,Arena MRV,27028
Atlético Mineiro,2024,32,06/11/2024,21:00,Quarta,Novembro,Atlético Goianiense,Derrota,0,1,Visitante,Jonathan Benkenstein Pinheiro,27.0,181.9,27.7,181.2,Estádio Antônio Accioly,3791
Atlético Mineiro,2024,33,13/11/2024,20:00,Quarta,Novembro,Flamengo,Empate,0,0,Visitante,Davi de Oliveira Lacerda,30.9,180.3,27.6,182.5,Estádio do Maracanã,63441
Atlético Mineiro,2024,19,16/11/2024,18:30,Sábado,Novembro,Athletico,Derrota,0,1,Visitante,Matheus Delgado Candançan,30.9,180.3,27.6,180.8,Arena da Baixada,40935
Atlético Mineiro,2024,34,20/11/2024,21:30,Quarta,Novembro,Botafogo,Empate,0,0,Mandante,Luiz Flávio de Oliveira,29.2,180.7,29.7,183.6,Arena MRV,N.A
Atlético Mineiro,2024,35,23/11/2024,21:30,Sábado,Novembro,São Paulo,Empate,2,2,Visitante,Alex Gomes Stefano,30.0,180.5,31.2,179.8,MorumBIS,36783
Atlético Mineiro,2024,36,26/11/2024,21:30,Terça,Novembro,Juventude,Derrota,2,3,Mandante,Flavio Rodrigues De Souza,28.6,181.3,26.7,180.5,Arena MRV,N.A
Atlético Mineiro,2024,37,04/12/2024,19:00,Quarta,Dezembro,Vasco da Gama,Derrota,0,2,Visitante,Lucas Paulo Torezin,30.5,181.3,29.2,179.6,Estádio São Januário,17074
Atlético Mineiro,2024,38,08/12/2024,16:00,Domingo,Dezembro,Athletico,Vitória,1,0,Mandante,Rafael Rodrigo Klein,30.6,181.3,27.7,181.2,Arena MRV,N.A
Atlético Mineiro,2025,1,29/03/2025,18:30,Sábado,Março,Grêmio,Derrota,1,2,Visitante,Raphael Claus,29.3,178.5,27.1,177.9,Arena do Grêmio,20111
Atlético Mineiro,2025,2,06/04/2025,16:00,Domingo,Abril,São Paulo,Empate,0,0,Mandante,Ramon Abatti Abel,29.3,178.5,30.3,179.6,Arena MRV,28415
Atlético Mineiro,2025,3,13/04/2025,20:30,Domingo,Abril,Vitória,Empate,2,2,Mandante,Davi de Oliveira Lacerda,28.3,178.9,27.8,179.5,Arena MRV,23234
Atlético Mineiro,2025,4,16/04/2025,21:30,Quarta,Abril,Santos,Derrota,0,2,Visitante,Braulio Da Silva Machado,29.8,180.5,29.4,180.7,Estádio Urbano Caldeira,10360
Atlético Mineiro,2025,5,20/04/2025,16:00,Domingo,Abril,Botafogo,Vitória,1,0,Mandante,Ramon Abatti Abel,28.6,180.5,25.7,181.6,Arena MRV,24528
Atlético Mineiro,2025,6,26/04/2025,18:30,Sábado,Abril,Mirassol,Empate,2,2,Visitante,Davi de Oliveira Lacerda,29.2,179.2,29.1,179.7,Estádio José Maria de Campos Maia,4966
Atlético Mineiro,2025,7,05/05/2025,20:00,Segunda,Maio,Juventude,Vitória,1,0,Visitante,Bruno Pereira Vasconcelos,27.3,179.7,29.9,178.2,Estádio Alfredo Jaconi,7486
Atlético Mineiro,2025,8,11/05/2025,17:30,Domingo,Maio,Fluminense,Vitória,3,2,Mandante,Ramon Abatti Abel,29.1,179.1,30.4,178.2,Arena MRV,25018
Atlético Mineiro,2025,9,18/05/2025,20:30,Domingo,Maio,Cruzeiro,Empate,0,0,Visitante,Flavio Rodrigues De Souza,29.4,179.2,29.7,178.5,Governador Magalhães Pinto,61106
Atlético Mineiro,2025,10,24/05/2025,21:00,Sábado,Maio,Corinthians,Empate,0,0,Mandante,Rafael Rodrigo Klein,29.4,178.5,26.6,181.5,Arena MRV,38154
Atlético Mineiro,2025,11,01/06/2025,18:30,Domingo,Junho,Ceará,Vitória,1,0,Visitante,Alex Gomes Stefano,28.4,180.8,30.7,181.0,Estádio Governador Plácido Castelo,49955
Atlético Mineiro,2025,12,12/06/2025,21:30,Quinta,Junho,Internacional,Vitória,2,0,Mandante,Flavio Rodrigues De Souza,30.0,178.1,27.7,179.1,Arena MRV,24781
Atlético Mineiro,2025,13,12/07/2025,21:00,Sábado,Julho,Bahia,Derrota,1,2,Visitante,Davi de Oliveira Lacerda,28.7,178.5,29.1,180.2,Arena Fonte Nova,30249
Atlético Mineiro,2025,15,20/07/2025,17:30,Domingo,Julho,Palmeiras,Derrota,2,3,Visitante,Alex Gomes Stefano,29.7,179.0,27.5,180.5,Nubank Parque,34970
Atlético Mineiro,2025,17,27/07/2025,20:30,Domingo,Julho,Flamengo,Derrota,0,1,Visitante,Ramon Abatti Abel,30.3,179.7,30.0,181.2,Estádio do Maracanã,51345
Atlético Mineiro,2025,18,03/08/2025,18:30,Domingo,Agosto,Red Bull Bragantino,Vitória,2,1,Mandante,Bruno Arleu de Araujo,27.8,178.2,26.9,180.5,Arena MRV,20092
Atlético Mineiro,2025,19,10/08/2025,16:00,Domingo,Agosto,Vasco da Gama,Empate,1,1,Visitante,Davi de Oliveira Lacerda,28.5,178.6,28.7,180.5,Estádio São Januário,16157
Atlético Mineiro,2025,20,17/08/2025,16:00,Domingo,Agosto,Grêmio,Derrota,1,3,Mandante,Alex Gomes Stefano,27.9,179.9,29.4,181.5,Arena MRV,34774
Atlético Mineiro,2025,21,24/08/2025,20:30,Domingo,Agosto,São Paulo,Derrota,0,2,Visitante,Lucas Casagrande,27.7,181.8,28.5,179.7,MorumBIS,26341
Atlético Mineiro,2025,22,31/08/2025,18:30,Domingo,Agosto,Vitória,Derrota,0,1,Visitante,Alex Gomes Stefano,30.3,178.6,28.5,179.5,Estádio Manoel Barradas,28586
Atlético Mineiro,2025,23,14/09/2025,16:00,Domingo,Setembro,Santos,Empate,1,1,Mandante,Bruno Arleu de Araujo,29.9,179.1,29.0,180.5,Arena MRV,38262
Atlético Mineiro,2025,24,20/09/2025,18:30,Sábado,Setembro,Botafogo,Derrota,0,1,Visitante,Flavio Rodrigues De Souza,29.4,182.7,27.8,182.0,Estádio Nilton Santos,11816
Atlético Mineiro,2025,25,27/09/2025,21:00,Sábado,Setembro,Mirassol,Vitória,1,0,Mandante,Rafael Rodrigo Klein,29.4,178.5,30.8,178.9,Arena MRV,22864
Atlético Mineiro,2025,26,30/09/2025,21:30,Terça,Setembro,Juventude,Empate,0,0,Mandante,Lucas Casagrande,27.8,178.7,28.3,179.0,Arena MRV,26567
Atlético Mineiro,2025,27,04/10/2025,18:30,Sábado,Outubro,Fluminense,Derrota,0,3,Visitante,Davi de Oliveira Lacerda,30.0,178.5,30.8,175.8,Estádio do Maracanã,20198
Atlético Mineiro,2025,14,08/10/2025,19:00,Quarta,Outubro,Sport Recife,Vitória,3,1,Mandante,Alex Gomes Stefano,30.9,178.1,29.2,182.3,Arena MRV,25093
Atlético Mineiro,2025,28,15/10/2025,21:30,Quarta,Outubro,Cruzeiro,Empate,1,1,Mandante,Paulo Cesar Zanovelli da Silva,29.2,177.2,28.8,178.7,Arena MRV,40388
Atlético Mineiro,2025,29,18/10/2025,18:30,Sábado,Outubro,Corinthians,Derrota,0,1,Visitante,Alex Gomes Stefano,30.1,181.8,26.2,180.9,Neo Química Arena,39228
Atlético Mineiro,2025,30,25/10/2025,16:00,Sábado,Outubro,Ceará,Vitória,1,0,Mandante,Bruno Arleu de Araujo,30.0,179.2,29.3,180.9,Arena MRV,33694
Atlético Mineiro,2025,31,02/11/2025,18:30,Domingo,Novembro,Internacional,Empate,0,0,Visitante,Alex Gomes Stefano,30.9,179.3,29.3,179.6,Estádio Beira-Rio,32644
Atlético Mineiro,2025,32,05/11/2025,20:00,Quarta,Novembro,Bahia,Vitória,3,0,Mandante,Davi de Oliveira Lacerda,31.2,178.1,28.5,180.1,Arena MRV,25506
Atlético Mineiro,2025,33,08/11/2025,16:00,Sábado,Novembro,Sport Recife,Vitória,4,2,Visitante,Matheus Delgado Candançan,28.0,179.7,29.9,182.8,Ilha do Retiro,5095
Atlético Mineiro,2025,16,12/11/2025,20:30,Quarta,Novembro,Fortaleza,Empate,3,3,Mandante,Savio Pereira Sampaio,31.2,178.1,28.6,179.9,Arena MRV,39246
Atlético Mineiro,2025,37,16/11/2025,19:00,Domingo,Novembro,Red Bull Bragantino,Derrota,0,2,Visitante,Marcelo de Lima Henrique,31.5,178.4,26.4,181.6,Estádio Cícero de Souza Marques,4472
Atlético Mineiro,2025,36,25/11/2025,21:30,Terça,Novembro,Flamengo,Empate,1,1,Mandante,Rafael Rodrigo Klein,31.2,177.6,28.0,183.3,Arena MRV,18321
Atlético Mineiro,2025,35,30/11/2025,18:30,Domingo,Novembro,Fortaleza,Derrota,0,1,Visitante,Davi de Oliveira Lacerda,30.9,179.4,28.7,179.0,Estádio Governador Plácido Castelo,51793
Atlético Mineiro,2025,34,03/12/2025,21:30,Quarta,Dezembro,Palmeiras,Derrota,0,3,Mandante,Rafael Rodrigo Klein,31.0,179.4,26.8,182.7,Arena MRV,13878
Atlético Mineiro,2025,38,07/12/2025,16:00,Domingo,Dezembro,Vasco da Gama,Vitória,5,0,Mandante,Lucas Paulo Torezin,32.3,177.5,28.9,181.5,Arena MRV,20622
